user_id,variant,segment,started_test,completed_test,viewed_report,purchased,refunded
control_0,control,returning,True,True,True,False,False
control_1,control,new,True,False,False,False,False
control_2,control,returning,False,False,False,False,False
control_3,control,returning,True,True,False,False,False
control_4,control,new,True,True,True,True,False
control_5,control,returning,True,True,True,False,False
control_6,control,returning,True,True,True,False,False
control_7,control,returning,True,False,False,False,False
control_8,control,new,True,False,False,False,False
control_9,control,new,True,True,True,False,False
control_10,control,new,True,False,False,False,False
control_11,control,returning,True,True,True,False,False
control_12,control,returning,False,False,False,False,False
control_13,control,returning,True,True,True,False,False
control_14,control,new,True,True,True,False,False
control_15,control,new,True,True,True,False,False
control_16,control,new,True,True,False,False,False
control_17,control,new,True,True,False,False,False
control_18,control,returning,True,True,True,False,False
control_19,control,returning,True,True,True,False,False
control_20,control,returning,True,True,True,False,False
control_21,control,new,True,True,True,False,False
control_22,control,returning,True,False,False,False,False
control_23,control,returning,False,False,False,False,False
control_24,control,returning,False,False,False,False,False
control_25,control,new,False,False,False,False,False
control_26,control,new,True,True,False,False,False
control_27,control,new,True,True,True,False,False
control_28,control,new,True,False,False,False,False
control_29,control,returning,False,False,False,False,False
control_30,control,returning,True,True,True,False,False
control_31,control,returning,True,True,True,False,False
control_32,control,new,True,True,True,True,False
control_33,control,new,True,True,True,False,False
control_34,control,new,True,True,True,False,False
control_35,control,new,True,False,False,False,False
control_36,control,new,True,True,True,False,False
control_37,control,new,False,False,False,False,False
control_38,control,new,True,True,True,False,False
control_39,control,returning,False,False,False,False,False
control_40,control,new,True,True,True,False,False
control_41,control,returning,False,False,False,False,False
control_42,control,returning,True,False,False,False,False
control_43,control,new,False,False,False,False,False
control_44,control,returning,True,False,False,False,False
control_45,control,returning,True,True,True,False,False
control_46,control,new,True,True,True,False,False
control_47,control,new,True,False,False,False,False
control_48,control,returning,True,True,True,False,False
control_49,control,new,True,True,True,False,False
control_50,control,new,False,False,False,False,False
control_51,control,new,True,True,True,False,False
control_52,control,returning,True,False,False,False,False
control_53,control,returning,True,True,True,False,False
control_54,control,returning,False,False,False,False,False
control_55,control,returning,False,False,False,False,False
control_56,control,new,True,True,True,False,False
control_57,control,new,False,False,False,False,False
control_58,control,new,True,True,True,False,False
control_59,control,new,False,False,False,False,False
control_60,control,returning,False,False,False,False,False
control_61,control,new,True,True,True,False,False
control_62,control,new,True,True,True,False,False
control_63,control,returning,True,True,True,False,False
control_64,control,returning,True,False,False,False,False
control_65,control,new,False,False,False,False,False
control_66,control,new,True,True,True,True,False
control_67,control,new,True,True,False,False,False
control_68,control,new,False,False,False,False,False
control_69,control,new,True,False,False,False,False
control_70,control,new,True,True,True,True,False
control_71,control,new,True,True,True,False,False
control_72,control,returning,True,True,True,False,False
control_73,control,new,True,True,True,False,False
control_74,control,new,True,False,False,False,False
control_75,control,new,True,True,False,False,False
control_76,control,new,True,True,True,True,False
control_77,control,returning,True,True,False,False,False
control_78,control,new,True,False,False,False,False
control_79,control,returning,True,False,False,False,False
control_80,control,returning,True,True,False,False,False
control_81,control,new,True,True,True,False,False
control_82,control,returning,True,True,True,False,False
control_83,control,new,True,True,True,False,False
control_84,control,new,True,True,True,False,False
control_85,control,new,False,False,False,False,False
control_86,control,returning,True,False,False,False,False
control_87,control,new,True,True,True,True,False
control_88,control,new,True,True,True,False,False
control_89,control,new,True,True,True,False,False
control_90,control,new,True,True,True,False,False
control_91,control,returning,False,False,False,False,False
control_92,control,new,False,False,False,False,False
control_93,control,new,True,False,False,False,False
control_94,control,new,True,True,True,False,False
control_95,control,returning,True,False,False,False,False
control_96,control,new,True,True,True,False,False
control_97,control,new,True,True,True,True,False
control_98,control,new,True,True,True,False,False
control_99,control,returning,False,False,False,False,False
control_100,control,returning,True,True,True,False,False
control_101,control,returning,True,True,True,False,False
control_102,control,new,True,True,True,False,False
control_103,control,returning,True,True,True,False,False
control_104,control,returning,False,False,False,False,False
control_105,control,returning,True,True,True,False,False
control_106,control,new,True,True,True,True,False
control_107,control,new,True,False,False,False,False
control_108,control,new,False,False,False,False,False
control_109,control,returning,True,True,True,False,False
control_110,control,new,True,True,True,False,False
control_111,control,new,False,False,False,False,False
control_112,control,new,False,False,False,False,False
control_113,control,new,True,True,True,False,False
control_114,control,new,False,False,False,False,False
control_115,control,returning,True,False,False,False,False
control_116,control,returning,True,True,True,False,False
control_117,control,returning,False,False,False,False,False
control_118,control,new,True,True,True,False,False
control_119,control,returning,True,True,True,False,False
control_120,control,new,False,False,False,False,False
control_121,control,returning,False,False,False,False,False
control_122,control,new,False,False,False,False,False
control_123,control,new,True,True,False,False,False
control_124,control,new,False,False,False,False,False
control_125,control,new,True,True,True,False,False
control_126,control,new,True,True,True,False,False
control_127,control,new,True,True,True,False,False
control_128,control,new,False,False,False,False,False
control_129,control,new,False,False,False,False,False
control_130,control,new,True,True,True,True,False
control_131,control,returning,True,False,False,False,False
control_132,control,new,True,False,False,False,False
control_133,control,new,True,False,False,False,False
control_134,control,new,True,True,True,False,False
control_135,control,new,True,True,True,False,False
control_136,control,returning,True,True,True,False,False
control_137,control,new,False,False,False,False,False
control_138,control,returning,True,True,True,True,False
control_139,control,new,False,False,False,False,False
control_140,control,new,True,True,True,False,False
control_141,control,new,True,True,True,False,False
control_142,control,returning,True,True,True,False,False
control_143,control,new,True,True,True,False,False
control_144,control,new,True,True,True,False,False
control_145,control,new,True,True,True,False,False
control_146,control,new,True,True,True,True,False
control_147,control,new,True,True,True,False,False
control_148,control,new,True,False,False,False,False
control_149,control,new,True,True,True,True,False
control_150,control,returning,True,True,True,False,False
control_151,control,returning,True,True,True,True,False
control_152,control,new,True,True,True,False,False
control_153,control,new,True,False,False,False,False
control_154,control,new,True,True,True,False,False
control_155,control,returning,True,False,False,False,False
control_156,control,new,False,False,False,False,False
control_157,control,returning,True,True,True,False,False
control_158,control,returning,True,True,True,False,False
control_159,control,returning,True,True,False,False,False
control_160,control,new,True,True,True,False,False
control_161,control,returning,True,True,True,False,False
control_162,control,new,False,False,False,False,False
control_163,control,new,True,True,True,True,False
control_164,control,new,True,True,True,True,False
control_165,control,new,True,True,True,True,False
control_166,control,returning,True,True,True,False,False
control_167,control,returning,True,False,False,False,False
control_168,control,new,True,True,True,False,False
control_169,control,returning,True,True,True,False,False
control_170,control,new,False,False,False,False,False
control_171,control,new,True,True,True,True,False
control_172,control,new,False,False,False,False,False
control_173,control,returning,True,True,True,True,False
control_174,control,new,False,False,False,False,False
control_175,control,new,True,False,False,False,False
control_176,control,new,True,True,True,False,False
control_177,control,returning,False,False,False,False,False
control_178,control,returning,True,True,True,False,False
control_179,control,returning,False,False,False,False,False
control_180,control,returning,True,True,True,False,False
control_181,control,returning,True,True,True,False,False
control_182,control,new,True,True,False,False,False
control_183,control,new,True,True,True,True,False
control_184,control,returning,False,False,False,False,False
control_185,control,returning,False,False,False,False,False
control_186,control,new,True,True,True,False,False
control_187,control,new,True,True,True,False,False
control_188,control,returning,True,True,True,False,False
control_189,control,new,True,False,False,False,False
control_190,control,returning,True,True,True,False,False
control_191,control,new,True,False,False,False,False
control_192,control,new,True,True,True,False,False
control_193,control,returning,False,False,False,False,False
control_194,control,new,True,False,False,False,False
control_195,control,new,True,True,True,False,False
control_196,control,new,True,True,True,False,False
control_197,control,returning,False,False,False,False,False
control_198,control,new,True,True,True,False,False
control_199,control,new,True,True,True,False,False
control_200,control,returning,True,True,True,False,False
control_201,control,returning,False,False,False,False,False
control_202,control,new,True,True,True,False,False
control_203,control,new,True,True,False,False,False
control_204,control,new,True,True,True,False,False
control_205,control,new,False,False,False,False,False
control_206,control,new,True,True,True,False,False
control_207,control,returning,True,True,True,False,False
control_208,control,new,True,True,True,False,False
control_209,control,new,True,False,False,False,False
control_210,control,returning,True,True,True,False,False
control_211,control,new,True,False,False,False,False
control_212,control,new,True,True,True,False,False
control_213,control,returning,True,True,True,True,False
control_214,control,returning,True,True,True,False,False
control_215,control,returning,True,True,True,False,False
control_216,control,new,True,False,False,False,False
control_217,control,new,True,True,True,False,False
control_218,control,returning,False,False,False,False,False
control_219,control,new,True,False,False,False,False
control_220,control,new,True,True,True,False,False
control_221,control,new,True,True,True,False,False
control_222,control,returning,True,True,True,False,False
control_223,control,returning,True,False,False,False,False
control_224,control,new,True,True,True,False,False
control_225,control,returning,False,False,False,False,False
control_226,control,new,True,True,True,False,False
control_227,control,new,True,True,True,False,False
control_228,control,returning,True,False,False,False,False
control_229,control,new,True,True,True,False,False
control_230,control,new,False,False,False,False,False
control_231,control,new,True,True,False,False,False
control_232,control,returning,True,False,False,False,False
control_233,control,new,False,False,False,False,False
control_234,control,returning,True,False,False,False,False
control_235,control,returning,True,True,False,False,False
control_236,control,new,True,False,False,False,False
control_237,control,returning,False,False,False,False,False
control_238,control,new,True,True,False,False,False
control_239,control,new,True,True,True,False,False
control_240,control,returning,False,False,False,False,False
control_241,control,returning,False,False,False,False,False
control_242,control,new,True,False,False,False,False
control_243,control,new,True,True,True,True,False
control_244,control,returning,True,False,False,False,False
control_245,control,returning,True,True,True,False,False
control_246,control,returning,False,False,False,False,False
control_247,control,new,True,True,True,True,False
control_248,control,new,True,True,True,False,False
control_249,control,new,False,False,False,False,False
control_250,control,returning,True,True,True,True,False
control_251,control,returning,True,True,True,False,False
control_252,control,new,True,True,True,False,False
control_253,control,new,True,False,False,False,False
control_254,control,new,False,False,False,False,False
control_255,control,returning,True,True,False,False,False
control_256,control,returning,True,True,True,False,False
control_257,control,new,True,True,True,True,False
control_258,control,new,False,False,False,False,False
control_259,control,new,True,True,True,False,False
control_260,control,new,False,False,False,False,False
control_261,control,returning,False,False,False,False,False
control_262,control,new,True,False,False,False,False
control_263,control,new,False,False,False,False,False
control_264,control,returning,True,True,True,False,False
control_265,control,new,True,False,False,False,False
control_266,control,new,True,False,False,False,False
control_267,control,new,False,False,False,False,False
control_268,control,new,False,False,False,False,False
control_269,control,new,False,False,False,False,False
control_270,control,new,False,False,False,False,False
control_271,control,new,True,True,True,False,False
control_272,control,new,False,False,False,False,False
control_273,control,new,False,False,False,False,False
control_274,control,returning,True,True,True,False,False
control_275,control,new,True,True,True,True,False
control_276,control,new,True,True,False,False,False
control_277,control,new,False,False,False,False,False
control_278,control,returning,True,False,False,False,False
control_279,control,returning,True,True,True,True,False
control_280,control,new,True,True,True,False,False
control_281,control,new,True,True,False,False,False
control_282,control,new,True,True,False,False,False
control_283,control,new,True,True,True,False,False
control_284,control,new,False,False,False,False,False
control_285,control,new,True,True,True,False,False
control_286,control,new,False,False,False,False,False
control_287,control,new,True,False,False,False,False
control_288,control,new,False,False,False,False,False
control_289,control,new,True,True,True,False,False
control_290,control,returning,True,True,True,False,False
control_291,control,new,True,False,False,False,False
control_292,control,returning,True,True,True,False,False
control_293,control,new,True,True,True,False,False
control_294,control,returning,False,False,False,False,False
control_295,control,returning,True,True,True,False,False
control_296,control,returning,True,True,False,False,False
control_297,control,returning,True,True,True,False,False
control_298,control,returning,True,True,True,False,False
control_299,control,returning,True,True,True,False,False
control_300,control,returning,True,True,True,False,False
control_301,control,new,True,True,True,False,False
control_302,control,new,False,False,False,False,False
control_303,control,new,True,True,True,False,False
control_304,control,returning,True,True,True,False,False
control_305,control,new,True,True,True,False,False
control_306,control,new,True,True,True,False,False
control_307,control,returning,True,True,True,False,False
control_308,control,new,False,False,False,False,False
control_309,control,new,True,False,False,False,False
control_310,control,new,True,False,False,False,False
control_311,control,new,False,False,False,False,False
control_312,control,new,True,True,True,False,False
control_313,control,new,False,False,False,False,False
control_314,control,new,True,True,True,True,False
control_315,control,new,True,True,True,False,False
control_316,control,new,False,False,False,False,False
control_317,control,returning,False,False,False,False,False
control_318,control,new,False,False,False,False,False
control_319,control,returning,True,True,True,False,False
control_320,control,returning,False,False,False,False,False
control_321,control,new,True,True,True,False,False
control_322,control,new,True,True,True,False,False
control_323,control,new,True,False,False,False,False
control_324,control,returning,True,False,False,False,False
control_325,control,returning,True,True,True,False,False
control_326,control,returning,True,True,True,False,False
control_327,control,new,True,True,True,False,False
control_328,control,returning,False,False,False,False,False
control_329,control,new,False,False,False,False,False
control_330,control,returning,True,True,True,False,False
control_331,control,new,False,False,False,False,False
control_332,control,returning,True,True,True,False,False
control_333,control,returning,True,True,True,False,False
control_334,control,new,False,False,False,False,False
control_335,control,returning,True,True,True,False,False
control_336,control,new,True,False,False,False,False
control_337,control,returning,True,True,True,False,False
control_338,control,new,True,True,True,False,False
control_339,control,returning,False,False,False,False,False
control_340,control,new,True,True,True,False,False
control_341,control,returning,True,True,False,False,False
control_342,control,returning,True,True,True,False,False
control_343,control,new,True,True,True,True,False
control_344,control,returning,True,False,False,False,False
control_345,control,returning,False,False,False,False,False
control_346,control,returning,False,False,False,False,False
control_347,control,new,False,False,False,False,False
control_348,control,new,True,True,False,False,False
control_349,control,new,False,False,False,False,False
control_350,control,returning,True,False,False,False,False
control_351,control,new,True,False,False,False,False
control_352,control,new,True,False,False,False,False
control_353,control,new,True,True,True,False,False
control_354,control,new,False,False,False,False,False
control_355,control,new,True,True,True,False,False
control_356,control,returning,False,False,False,False,False
control_357,control,returning,True,True,True,False,False
control_358,control,new,True,False,False,False,False
control_359,control,new,True,True,False,False,False
control_360,control,returning,True,True,True,False,False
control_361,control,new,True,False,False,False,False
control_362,control,new,True,True,True,False,False
control_363,control,new,False,False,False,False,False
control_364,control,returning,True,True,False,False,False
control_365,control,new,True,False,False,False,False
control_366,control,returning,True,True,False,False,False
control_367,control,returning,True,True,True,False,False
control_368,control,new,True,True,True,False,False
control_369,control,returning,True,True,True,False,False
control_370,control,returning,True,True,True,False,False
control_371,control,new,True,True,True,False,False
control_372,control,new,True,True,True,False,False
control_373,control,new,True,True,True,False,False
control_374,control,new,True,True,True,False,False
control_375,control,new,True,True,True,False,False
control_376,control,returning,True,True,True,True,False
control_377,control,new,True,False,False,False,False
control_378,control,new,False,False,False,False,False
control_379,control,returning,True,True,True,False,False
control_380,control,new,True,True,True,False,False
control_381,control,returning,True,True,True,False,False
control_382,control,returning,True,True,True,False,False
control_383,control,new,True,True,True,True,False
control_384,control,new,False,False,False,False,False
control_385,control,returning,False,False,False,False,False
control_386,control,returning,True,False,False,False,False
control_387,control,returning,True,True,True,False,False
control_388,control,new,True,True,True,False,False
control_389,control,returning,True,True,True,False,False
control_390,control,returning,True,True,True,False,False
control_391,control,new,False,False,False,False,False
control_392,control,new,True,True,True,False,False
control_393,control,returning,True,True,True,False,False
control_394,control,new,True,True,True,True,False
control_395,control,new,True,True,True,False,False
control_396,control,returning,True,True,True,False,False
control_397,control,new,False,False,False,False,False
control_398,control,new,True,False,False,False,False
control_399,control,new,False,False,False,False,False
control_400,control,new,False,False,False,False,False
control_401,control,returning,True,True,True,False,False
control_402,control,returning,True,True,True,False,False
control_403,control,new,True,False,False,False,False
control_404,control,returning,True,False,False,False,False
control_405,control,returning,True,False,False,False,False
control_406,control,new,False,False,False,False,False
control_407,control,returning,True,True,True,False,False
control_408,control,new,False,False,False,False,False
control_409,control,returning,True,True,True,False,False
control_410,control,returning,True,True,True,True,True
control_411,control,returning,True,True,True,False,False
control_412,control,new,True,True,False,False,False
control_413,control,returning,True,True,False,False,False
control_414,control,new,True,True,True,False,False
control_415,control,new,False,False,False,False,False
control_416,control,new,True,False,False,False,False
control_417,control,returning,True,False,False,False,False
control_418,control,new,True,True,True,False,False
control_419,control,returning,True,True,True,True,False
control_420,control,returning,True,True,True,False,False
control_421,control,new,True,False,False,False,False
control_422,control,new,True,True,True,False,False
control_423,control,new,True,False,False,False,False
control_424,control,returning,True,True,True,False,False
control_425,control,returning,True,True,True,True,False
control_426,control,new,True,True,True,False,False
control_427,control,returning,True,True,True,True,False
control_428,control,new,True,False,False,False,False
control_429,control,returning,True,True,True,True,False
control_430,control,returning,True,True,True,False,False
control_431,control,returning,False,False,False,False,False
control_432,control,returning,False,False,False,False,False
control_433,control,returning,True,True,False,False,False
control_434,control,new,True,True,True,True,False
control_435,control,new,True,True,True,False,False
control_436,control,new,False,False,False,False,False
control_437,control,new,True,True,True,False,False
control_438,control,returning,True,False,False,False,False
control_439,control,returning,True,True,True,False,False
control_440,control,returning,True,True,True,False,False
control_441,control,new,True,True,True,False,False
control_442,control,returning,False,False,False,False,False
control_443,control,new,False,False,False,False,False
control_444,control,new,True,False,False,False,False
control_445,control,returning,True,True,True,False,False
control_446,control,returning,True,True,True,False,False
control_447,control,returning,True,True,True,True,False
control_448,control,new,True,True,True,True,False
control_449,control,returning,True,True,True,False,False
control_450,control,new,False,False,False,False,False
control_451,control,returning,False,False,False,False,False
control_452,control,returning,True,True,True,False,False
control_453,control,new,True,False,False,False,False
control_454,control,new,True,True,True,True,False
control_455,control,new,True,True,True,False,False
control_456,control,returning,True,False,False,False,False
control_457,control,new,True,False,False,False,False
control_458,control,returning,True,True,True,False,False
control_459,control,returning,False,False,False,False,False
control_460,control,new,True,False,False,False,False
control_461,control,new,True,True,True,False,False
control_462,control,returning,True,True,True,True,False
control_463,control,new,False,False,False,False,False
control_464,control,new,True,True,True,False,False
control_465,control,returning,True,True,True,False,False
control_466,control,returning,True,True,True,False,False
control_467,control,returning,True,True,True,False,False
control_468,control,new,False,False,False,False,False
control_469,control,new,True,True,True,False,False
control_470,control,new,False,False,False,False,False
control_471,control,new,True,False,False,False,False
control_472,control,new,True,True,True,False,False
control_473,control,new,True,True,True,False,False
control_474,control,new,True,True,True,False,False
control_475,control,new,True,True,True,False,False
control_476,control,new,True,True,True,False,False
control_477,control,returning,True,True,True,False,False
control_478,control,returning,False,False,False,False,False
control_479,control,new,False,False,False,False,False
control_480,control,new,True,True,True,False,False
control_481,control,new,True,True,True,False,False
control_482,control,new,False,False,False,False,False
control_483,control,new,True,True,True,False,False
control_484,control,new,False,False,False,False,False
control_485,control,new,True,False,False,False,False
control_486,control,new,False,False,False,False,False
control_487,control,new,True,True,True,False,False
control_488,control,new,True,True,True,False,False
control_489,control,new,True,True,True,False,False
control_490,control,returning,True,True,True,False,False
control_491,control,returning,False,False,False,False,False
control_492,control,returning,False,False,False,False,False
control_493,control,new,True,False,False,False,False
control_494,control,returning,True,True,True,True,False
control_495,control,new,True,True,False,False,False
control_496,control,new,True,True,True,False,False
control_497,control,returning,True,False,False,False,False
control_498,control,new,False,False,False,False,False
control_499,control,new,False,False,False,False,False
control_500,control,returning,True,True,True,False,False
control_501,control,returning,True,True,True,True,False
control_502,control,returning,True,True,True,True,False
control_503,control,new,True,True,True,False,False
control_504,control,new,True,True,True,False,False
control_505,control,returning,True,True,True,False,False
control_506,control,new,True,True,True,False,False
control_507,control,returning,True,True,True,False,False
control_508,control,new,False,False,False,False,False
control_509,control,new,True,False,False,False,False
control_510,control,new,True,True,True,False,False
control_511,control,returning,True,True,True,True,True
control_512,control,new,False,False,False,False,False
control_513,control,new,True,False,False,False,False
control_514,control,new,True,True,True,True,False
control_515,control,new,True,True,True,False,False
control_516,control,new,True,False,False,False,False
control_517,control,returning,True,True,True,False,False
control_518,control,new,False,False,False,False,False
control_519,control,returning,True,True,True,False,False
control_520,control,returning,True,True,True,False,False
control_521,control,new,True,True,True,True,False
control_522,control,new,False,False,False,False,False
control_523,control,returning,False,False,False,False,False
control_524,control,new,True,True,True,False,False
control_525,control,new,True,False,False,False,False
control_526,control,returning,True,False,False,False,False
control_527,control,returning,True,True,True,True,True
control_528,control,returning,True,True,True,True,False
control_529,control,new,True,True,True,True,False
control_530,control,returning,False,False,False,False,False
control_531,control,returning,True,True,True,True,False
control_532,control,new,True,True,True,False,False
control_533,control,returning,True,False,False,False,False
control_534,control,new,True,True,True,False,False
control_535,control,new,True,True,False,False,False
control_536,control,new,True,True,True,False,False
control_537,control,new,False,False,False,False,False
control_538,control,new,True,True,True,False,False
control_539,control,returning,True,True,True,True,False
control_540,control,returning,True,True,True,False,False
control_541,control,new,True,True,True,False,False
control_542,control,returning,False,False,False,False,False
control_543,control,returning,True,False,False,False,False
control_544,control,new,True,True,True,False,False
control_545,control,new,True,True,True,False,False
control_546,control,new,False,False,False,False,False
control_547,control,new,True,True,True,False,False
control_548,control,returning,True,True,True,False,False
control_549,control,new,True,True,True,False,False
control_550,control,new,True,True,True,False,False
control_551,control,new,True,True,True,False,False
control_552,control,new,True,True,True,False,False
control_553,control,returning,True,True,True,False,False
control_554,control,new,True,True,False,False,False
control_555,control,new,True,True,True,True,False
control_556,control,new,False,False,False,False,False
control_557,control,new,True,True,True,False,False
control_558,control,new,True,True,True,False,False
control_559,control,new,True,False,False,False,False
control_560,control,new,False,False,False,False,False
control_561,control,new,True,True,True,False,False
control_562,control,returning,True,False,False,False,False
control_563,control,returning,False,False,False,False,False
control_564,control,returning,True,True,True,False,False
control_565,control,returning,True,True,True,False,False
control_566,control,returning,False,False,False,False,False
control_567,control,new,True,True,True,False,False
control_568,control,new,True,True,False,False,False
control_569,control,new,True,True,True,True,False
control_570,control,new,True,True,True,False,False
control_571,control,returning,False,False,False,False,False
control_572,control,new,True,False,False,False,False
control_573,control,returning,True,True,True,True,False
control_574,control,returning,False,False,False,False,False
control_575,control,new,True,True,True,False,False
control_576,control,returning,False,False,False,False,False
control_577,control,new,True,True,False,False,False
control_578,control,returning,True,True,True,False,False
control_579,control,new,True,True,True,True,False
control_580,control,new,True,True,True,False,False
control_581,control,new,False,False,False,False,False
control_582,control,new,False,False,False,False,False
control_583,control,new,False,False,False,False,False
control_584,control,returning,True,False,False,False,False
control_585,control,returning,False,False,False,False,False
control_586,control,new,True,True,True,False,False
control_587,control,new,False,False,False,False,False
control_588,control,new,True,True,True,False,False
control_589,control,new,False,False,False,False,False
control_590,control,returning,True,True,True,False,False
control_591,control,new,True,True,True,False,False
control_592,control,new,True,False,False,False,False
control_593,control,new,True,True,True,False,False
control_594,control,new,True,True,True,False,False
control_595,control,new,False,False,False,False,False
control_596,control,returning,True,True,False,False,False
control_597,control,returning,True,True,True,True,False
control_598,control,returning,True,True,True,False,False
control_599,control,returning,True,True,True,False,False
control_600,control,new,True,True,True,False,False
control_601,control,returning,False,False,False,False,False
control_602,control,returning,False,False,False,False,False
control_603,control,returning,True,False,False,False,False
control_604,control,returning,True,True,True,False,False
control_605,control,returning,True,True,True,True,False
control_606,control,returning,False,False,False,False,False
control_607,control,new,True,True,False,False,False
control_608,control,returning,True,True,True,True,False
control_609,control,new,False,False,False,False,False
control_610,control,new,False,False,False,False,False
control_611,control,returning,True,True,True,False,False
control_612,control,returning,True,True,True,True,False
control_613,control,returning,True,True,True,False,False
control_614,control,new,True,True,True,False,False
control_615,control,returning,True,True,True,False,False
control_616,control,returning,True,True,True,False,False
control_617,control,new,True,True,True,False,False
control_618,control,new,True,True,True,False,False
control_619,control,new,True,True,False,False,False
control_620,control,returning,True,False,False,False,False
control_621,control,new,False,False,False,False,False
control_622,control,returning,True,True,True,False,False
control_623,control,new,False,False,False,False,False
control_624,control,returning,True,True,False,False,False
control_625,control,new,True,True,True,False,False
control_626,control,returning,False,False,False,False,False
control_627,control,new,True,False,False,False,False
control_628,control,new,True,True,True,True,False
control_629,control,returning,True,False,False,False,False
control_630,control,returning,True,True,True,True,False
control_631,control,returning,True,True,True,True,False
control_632,control,new,True,True,False,False,False
control_633,control,new,True,True,True,True,False
control_634,control,new,True,True,True,False,False
control_635,control,new,True,True,True,False,False
control_636,control,returning,True,True,True,False,False
control_637,control,returning,True,True,True,False,False
control_638,control,returning,True,True,True,True,False
control_639,control,returning,True,True,True,False,False
control_640,control,returning,True,True,True,False,False
control_641,control,returning,True,False,False,False,False
control_642,control,new,True,True,True,False,False
control_643,control,new,True,True,True,False,False
control_644,control,returning,True,True,True,False,False
control_645,control,returning,False,False,False,False,False
control_646,control,new,False,False,False,False,False
control_647,control,new,True,True,True,False,False
control_648,control,returning,True,True,True,False,False
control_649,control,new,True,True,True,False,False
control_650,control,new,False,False,False,False,False
control_651,control,returning,False,False,False,False,False
control_652,control,returning,True,False,False,False,False
control_653,control,new,True,True,True,False,False
control_654,control,returning,True,True,True,True,False
control_655,control,new,False,False,False,False,False
control_656,control,returning,False,False,False,False,False
control_657,control,new,True,True,True,False,False
control_658,control,new,True,True,False,False,False
control_659,control,new,True,True,True,False,False
control_660,control,new,True,True,False,False,False
control_661,control,returning,False,False,False,False,False
control_662,control,new,True,False,False,False,False
control_663,control,new,True,False,False,False,False
control_664,control,new,True,True,True,False,False
control_665,control,returning,True,True,True,True,False
control_666,control,returning,False,False,False,False,False
control_667,control,returning,True,True,True,False,False
control_668,control,new,False,False,False,False,False
control_669,control,new,True,False,False,False,False
control_670,control,new,True,True,True,False,False
control_671,control,new,True,True,False,False,False
control_672,control,returning,True,False,False,False,False
control_673,control,returning,True,True,True,False,False
control_674,control,new,True,True,True,False,False
control_675,control,new,True,True,True,False,False
control_676,control,returning,True,True,True,False,False
control_677,control,new,True,True,True,False,False
control_678,control,new,True,True,True,False,False
control_679,control,new,False,False,False,False,False
control_680,control,new,False,False,False,False,False
control_681,control,new,True,True,True,False,False
control_682,control,new,False,False,False,False,False
control_683,control,new,True,False,False,False,False
control_684,control,returning,False,False,False,False,False
control_685,control,new,True,True,True,False,False
control_686,control,new,True,True,True,False,False
control_687,control,returning,True,True,True,False,False
control_688,control,returning,False,False,False,False,False
control_689,control,new,True,False,False,False,False
control_690,control,new,True,True,True,True,False
control_691,control,returning,True,True,True,False,False
control_692,control,new,True,True,False,False,False
control_693,control,new,False,False,False,False,False
control_694,control,returning,True,True,True,False,False
control_695,control,new,True,True,True,False,False
control_696,control,returning,True,True,True,True,False
control_697,control,new,True,True,True,False,False
control_698,control,returning,True,True,True,False,False
control_699,control,new,False,False,False,False,False
control_700,control,new,False,False,False,False,False
control_701,control,new,True,True,True,True,False
control_702,control,new,True,True,True,True,False
control_703,control,returning,True,True,True,False,False
control_704,control,new,True,True,True,False,False
control_705,control,new,True,True,True,False,False
control_706,control,returning,True,True,True,False,False
control_707,control,returning,True,True,True,False,False
control_708,control,new,True,True,True,False,False
control_709,control,new,True,True,True,False,False
control_710,control,returning,False,False,False,False,False
control_711,control,returning,True,True,True,False,False
control_712,control,returning,True,True,True,False,False
control_713,control,returning,False,False,False,False,False
control_714,control,returning,True,True,True,True,False
control_715,control,new,True,True,True,True,False
control_716,control,new,True,True,True,False,False
control_717,control,new,True,True,True,False,False
control_718,control,returning,True,True,True,False,False
control_719,control,returning,True,True,True,False,False
control_720,control,new,True,False,False,False,False
control_721,control,new,True,True,True,False,False
control_722,control,new,True,True,True,False,False
control_723,control,returning,True,True,False,False,False
control_724,control,new,True,True,True,False,False
control_725,control,new,True,False,False,False,False
control_726,control,new,False,False,False,False,False
control_727,control,new,True,True,True,False,False
control_728,control,new,True,True,True,False,False
control_729,control,new,True,True,True,False,False
control_730,control,new,True,True,False,False,False
control_731,control,new,False,False,False,False,False
control_732,control,new,True,True,True,False,False
control_733,control,new,True,True,True,False,False
control_734,control,new,False,False,False,False,False
control_735,control,returning,True,True,False,False,False
control_736,control,new,True,True,True,False,False
control_737,control,new,True,True,False,False,False
control_738,control,new,True,True,True,False,False
control_739,control,new,True,True,True,False,False
control_740,control,new,True,True,True,False,False
control_741,control,new,True,True,True,False,False
control_742,control,returning,False,False,False,False,False
control_743,control,new,True,True,True,False,False
control_744,control,new,True,True,True,True,False
control_745,control,new,True,True,True,False,False
control_746,control,new,True,True,True,True,False
control_747,control,new,True,False,False,False,False
control_748,control,returning,False,False,False,False,False
control_749,control,returning,True,True,True,False,False
control_750,control,new,True,True,False,False,False
control_751,control,new,True,True,True,False,False
control_752,control,new,True,True,True,False,False
control_753,control,new,True,False,False,False,False
control_754,control,returning,False,False,False,False,False
control_755,control,new,True,True,True,False,False
control_756,control,new,True,True,True,False,False
control_757,control,returning,False,False,False,False,False
control_758,control,new,True,True,True,False,False
control_759,control,new,False,False,False,False,False
control_760,control,returning,True,True,True,False,False
control_761,control,new,True,True,True,False,False
control_762,control,new,False,False,False,False,False
control_763,control,new,True,True,True,True,False
control_764,control,returning,True,True,True,False,False
control_765,control,new,True,True,True,False,False
control_766,control,new,True,True,True,True,False
control_767,control,new,True,False,False,False,False
control_768,control,new,True,True,True,False,False
control_769,control,returning,True,True,True,True,False
control_770,control,new,True,True,True,False,False
control_771,control,new,True,False,False,False,False
control_772,control,new,True,True,True,False,False
control_773,control,returning,True,True,True,True,False
control_774,control,new,True,True,True,False,False
control_775,control,returning,True,True,True,False,False
control_776,control,returning,True,True,True,False,False
control_777,control,new,True,True,True,False,False
control_778,control,returning,True,False,False,False,False
control_779,control,returning,True,True,True,True,False
control_780,control,new,True,True,True,False,False
control_781,control,returning,False,False,False,False,False
control_782,control,new,False,False,False,False,False
control_783,control,returning,True,True,True,True,False
control_784,control,returning,False,False,False,False,False
control_785,control,new,False,False,False,False,False
control_786,control,returning,True,True,True,False,False
control_787,control,new,True,True,True,True,False
control_788,control,returning,True,True,True,False,False
control_789,control,returning,True,False,False,False,False
control_790,control,new,True,False,False,False,False
control_791,control,new,True,False,False,False,False
control_792,control,new,True,True,True,False,False
control_793,control,new,False,False,False,False,False
control_794,control,new,True,True,True,False,False
control_795,control,new,True,True,True,False,False
control_796,control,new,True,True,True,False,False
control_797,control,new,True,True,True,False,False
control_798,control,returning,False,False,False,False,False
control_799,control,returning,False,False,False,False,False
control_800,control,returning,True,True,False,False,False
control_801,control,new,True,True,True,False,False
control_802,control,returning,True,True,True,False,False
control_803,control,new,True,True,True,False,False
control_804,control,new,False,False,False,False,False
control_805,control,new,True,True,True,False,False
control_806,control,returning,True,True,False,False,False
control_807,control,new,True,True,False,False,False
control_808,control,new,True,False,False,False,False
control_809,control,returning,True,False,False,False,False
control_810,control,new,True,False,False,False,False
control_811,control,new,True,False,False,False,False
control_812,control,returning,True,True,True,False,False
control_813,control,new,False,False,False,False,False
control_814,control,new,True,False,False,False,False
control_815,control,returning,True,True,True,False,False
control_816,control,returning,True,False,False,False,False
control_817,control,new,True,True,True,True,False
control_818,control,returning,True,True,True,False,False
control_819,control,new,True,False,False,False,False
control_820,control,new,True,True,True,False,False
control_821,control,new,True,True,True,False,False
control_822,control,new,True,True,True,False,False
control_823,control,returning,True,True,True,False,False
control_824,control,returning,True,False,False,False,False
control_825,control,new,True,False,False,False,False
control_826,control,new,True,True,True,False,False
control_827,control,new,True,False,False,False,False
control_828,control,returning,False,False,False,False,False
control_829,control,new,False,False,False,False,False
control_830,control,returning,True,True,True,False,False
control_831,control,new,True,True,True,False,False
control_832,control,new,True,True,True,True,False
control_833,control,returning,True,True,True,False,False
control_834,control,returning,True,True,True,False,False
control_835,control,new,False,False,False,False,False
control_836,control,returning,True,True,False,False,False
control_837,control,returning,True,True,True,False,False
control_838,control,new,True,True,True,False,False
control_839,control,new,True,True,False,False,False
control_840,control,new,False,False,False,False,False
control_841,control,returning,True,True,True,False,False
control_842,control,new,True,True,False,False,False
control_843,control,new,True,True,True,False,False
control_844,control,new,True,True,True,False,False
control_845,control,returning,True,True,True,True,False
control_846,control,new,True,False,False,False,False
control_847,control,returning,True,True,True,True,False
control_848,control,new,True,True,True,True,False
control_849,control,returning,False,False,False,False,False
control_850,control,new,True,True,True,False,False
control_851,control,new,True,True,False,False,False
control_852,control,returning,False,False,False,False,False
control_853,control,returning,True,True,True,False,False
control_854,control,new,True,True,False,False,False
control_855,control,new,False,False,False,False,False
control_856,control,returning,True,False,False,False,False
control_857,control,returning,True,False,False,False,False
control_858,control,new,True,True,True,True,False
control_859,control,new,True,True,True,False,False
control_860,control,returning,True,True,True,False,False
control_861,control,returning,False,False,False,False,False
control_862,control,returning,True,False,False,False,False
control_863,control,new,False,False,False,False,False
control_864,control,new,True,True,True,False,False
control_865,control,returning,True,True,True,False,False
control_866,control,returning,True,True,True,False,False
control_867,control,returning,True,True,True,False,False
control_868,control,new,True,True,True,True,False
control_869,control,new,True,True,True,False,False
control_870,control,returning,True,True,False,False,False
control_871,control,new,True,False,False,False,False
control_872,control,returning,True,True,True,False,False
control_873,control,new,True,True,True,False,False
control_874,control,returning,True,True,True,False,False
control_875,control,returning,True,True,True,True,False
control_876,control,new,True,False,False,False,False
control_877,control,new,True,True,True,True,False
control_878,control,returning,True,True,True,False,False
control_879,control,new,True,True,True,False,False
control_880,control,new,True,True,True,False,False
control_881,control,returning,True,False,False,False,False
control_882,control,returning,True,True,True,False,False
control_883,control,new,True,True,True,False,False
control_884,control,new,False,False,False,False,False
control_885,control,new,False,False,False,False,False
control_886,control,new,True,True,True,False,False
control_887,control,new,True,True,True,False,False
control_888,control,new,True,True,True,True,False
control_889,control,returning,False,False,False,False,False
control_890,control,new,True,True,True,True,False
control_891,control,returning,True,True,True,False,False
control_892,control,new,True,True,True,False,False
control_893,control,new,True,True,True,False,False
control_894,control,returning,True,True,True,True,False
control_895,control,returning,True,True,True,False,False
control_896,control,new,True,True,True,False,False
control_897,control,new,True,True,True,False,False
control_898,control,new,False,False,False,False,False
control_899,control,new,False,False,False,False,False
control_900,control,new,True,True,True,True,False
control_901,control,new,True,False,False,False,False
control_902,control,new,True,True,True,False,False
control_903,control,new,False,False,False,False,False
control_904,control,returning,True,False,False,False,False
control_905,control,returning,True,True,True,False,False
control_906,control,new,False,False,False,False,False
control_907,control,new,True,False,False,False,False
control_908,control,new,True,True,True,False,False
control_909,control,new,True,True,True,False,False
control_910,control,returning,True,True,True,False,False
control_911,control,returning,True,True,True,False,False
control_912,control,returning,True,True,True,False,False
control_913,control,returning,False,False,False,False,False
control_914,control,returning,True,True,True,False,False
control_915,control,returning,False,False,False,False,False
control_916,control,new,True,True,True,False,False
control_917,control,new,True,True,True,True,False
control_918,control,new,False,False,False,False,False
control_919,control,new,True,True,True,True,False
control_920,control,new,True,True,True,True,False
control_921,control,returning,True,True,False,False,False
control_922,control,returning,True,True,True,False,False
control_923,control,new,False,False,False,False,False
control_924,control,new,True,True,False,False,False
control_925,control,new,True,True,True,False,False
control_926,control,new,True,True,True,False,False
control_927,control,returning,True,False,False,False,False
control_928,control,new,True,True,True,True,False
control_929,control,returning,True,True,True,True,False
control_930,control,new,False,False,False,False,False
control_931,control,new,True,True,True,True,False
control_932,control,new,False,False,False,False,False
control_933,control,returning,True,False,False,False,False
control_934,control,returning,True,False,False,False,False
control_935,control,new,True,False,False,False,False
control_936,control,returning,True,True,True,False,False
control_937,control,new,True,True,True,False,False
control_938,control,returning,True,True,True,False,False
control_939,control,new,True,False,False,False,False
control_940,control,new,False,False,False,False,False
control_941,control,returning,True,True,True,False,False
control_942,control,new,True,True,True,False,False
control_943,control,new,False,False,False,False,False
control_944,control,new,True,True,True,False,False
control_945,control,new,False,False,False,False,False
control_946,control,returning,True,True,True,False,False
control_947,control,returning,False,False,False,False,False
control_948,control,returning,True,True,True,False,False
control_949,control,new,True,True,True,False,False
control_950,control,new,True,True,True,False,False
control_951,control,new,True,True,True,False,False
control_952,control,new,True,True,True,False,False
control_953,control,new,False,False,False,False,False
control_954,control,returning,True,True,False,False,False
control_955,control,returning,True,True,True,True,False
control_956,control,returning,False,False,False,False,False
control_957,control,new,True,True,True,False,False
control_958,control,new,True,True,False,False,False
control_959,control,new,True,True,True,True,False
control_960,control,new,True,True,True,False,False
control_961,control,new,True,True,True,False,False
control_962,control,new,True,True,True,False,False
control_963,control,new,True,True,True,False,False
control_964,control,returning,True,True,True,False,False
control_965,control,new,True,True,True,False,False
control_966,control,returning,True,True,True,False,False
control_967,control,new,True,True,True,False,False
control_968,control,new,True,False,False,False,False
control_969,control,new,True,True,True,False,False
control_970,control,new,True,False,False,False,False
control_971,control,new,True,True,True,False,False
control_972,control,new,True,False,False,False,False
control_973,control,returning,False,False,False,False,False
control_974,control,new,True,True,True,False,False
control_975,control,returning,True,True,True,True,False
control_976,control,new,True,True,True,True,False
control_977,control,new,True,False,False,False,False
control_978,control,new,False,False,False,False,False
control_979,control,new,False,False,False,False,False
control_980,control,returning,False,False,False,False,False
control_981,control,returning,True,True,True,False,False
control_982,control,returning,True,True,True,True,False
control_983,control,new,True,False,False,False,False
control_984,control,new,True,True,True,False,False
control_985,control,returning,True,True,True,False,False
control_986,control,new,True,True,False,False,False
control_987,control,new,True,False,False,False,False
control_988,control,new,False,False,False,False,False
control_989,control,returning,True,True,True,False,False
control_990,control,returning,True,False,False,False,False
control_991,control,returning,False,False,False,False,False
control_992,control,returning,True,True,True,False,False
control_993,control,new,True,True,True,False,False
control_994,control,returning,True,True,True,False,False
control_995,control,new,True,False,False,False,False
control_996,control,returning,True,False,False,False,False
control_997,control,new,True,True,True,False,False
control_998,control,returning,True,False,False,False,False
control_999,control,new,True,True,True,False,False
control_1000,control,new,True,False,False,False,False
control_1001,control,new,True,True,True,True,False
control_1002,control,new,False,False,False,False,False
control_1003,control,new,True,True,True,False,False
control_1004,control,returning,True,True,True,False,False
control_1005,control,new,True,True,True,False,False
control_1006,control,returning,False,False,False,False,False
control_1007,control,new,True,True,True,False,False
control_1008,control,returning,True,True,True,False,False
control_1009,control,new,True,True,True,False,False
control_1010,control,returning,True,True,True,True,False
control_1011,control,new,True,True,True,True,False
control_1012,control,new,True,False,False,False,False
control_1013,control,returning,True,True,True,False,False
control_1014,control,new,True,False,False,False,False
control_1015,control,new,True,False,False,False,False
control_1016,control,returning,True,True,True,False,False
control_1017,control,returning,True,True,True,False,False
control_1018,control,new,True,True,True,False,False
control_1019,control,new,True,False,False,False,False
control_1020,control,returning,False,False,False,False,False
control_1021,control,returning,False,False,False,False,False
control_1022,control,returning,False,False,False,False,False
control_1023,control,new,True,True,True,False,False
control_1024,control,returning,True,True,True,True,False
control_1025,control,new,True,True,True,True,False
control_1026,control,returning,True,True,True,False,False
control_1027,control,new,True,False,False,False,False
control_1028,control,returning,True,True,True,False,False
control_1029,control,new,True,True,True,False,False
control_1030,control,new,True,True,True,False,False
control_1031,control,returning,False,False,False,False,False
control_1032,control,new,True,True,True,False,False
control_1033,control,returning,True,False,False,False,False
control_1034,control,new,True,True,True,False,False
control_1035,control,returning,True,True,True,False,False
control_1036,control,new,False,False,False,False,False
control_1037,control,new,True,True,True,True,False
control_1038,control,new,False,False,False,False,False
control_1039,control,new,False,False,False,False,False
control_1040,control,new,True,True,False,False,False
control_1041,control,returning,True,True,True,False,False
control_1042,control,returning,True,True,True,True,False
control_1043,control,returning,True,True,True,True,False
control_1044,control,new,True,True,False,False,False
control_1045,control,new,False,False,False,False,False
control_1046,control,new,True,True,True,True,False
control_1047,control,returning,False,False,False,False,False
control_1048,control,returning,True,False,False,False,False
control_1049,control,new,False,False,False,False,False
control_1050,control,returning,True,True,True,False,False
control_1051,control,new,True,True,True,False,False
control_1052,control,new,True,False,False,False,False
control_1053,control,new,True,True,True,False,False
control_1054,control,new,False,False,False,False,False
control_1055,control,returning,True,False,False,False,False
control_1056,control,returning,True,True,True,False,False
control_1057,control,new,True,False,False,False,False
control_1058,control,new,True,True,True,False,False
control_1059,control,returning,True,False,False,False,False
control_1060,control,returning,True,False,False,False,False
control_1061,control,returning,True,False,False,False,False
control_1062,control,new,True,True,True,False,False
control_1063,control,returning,True,True,False,False,False
control_1064,control,new,False,False,False,False,False
control_1065,control,returning,True,True,True,False,False
control_1066,control,new,True,True,True,False,False
control_1067,control,returning,True,True,True,False,False
control_1068,control,new,True,True,True,True,False
control_1069,control,new,True,True,True,True,False
control_1070,control,returning,True,True,True,False,False
control_1071,control,returning,True,True,True,False,False
control_1072,control,new,True,True,True,True,False
control_1073,control,returning,True,True,True,False,False
control_1074,control,returning,False,False,False,False,False
control_1075,control,new,True,True,True,False,False
control_1076,control,new,True,False,False,False,False
control_1077,control,new,True,True,True,False,False
control_1078,control,returning,True,True,True,False,False
control_1079,control,new,True,True,False,False,False
control_1080,control,new,True,True,True,False,False
control_1081,control,returning,True,True,True,False,False
control_1082,control,returning,True,True,True,False,False
control_1083,control,returning,True,True,True,False,False
control_1084,control,returning,False,False,False,False,False
control_1085,control,returning,True,True,True,False,False
control_1086,control,returning,False,False,False,False,False
control_1087,control,returning,True,False,False,False,False
control_1088,control,new,False,False,False,False,False
control_1089,control,new,True,True,True,False,False
control_1090,control,new,True,True,True,True,False
control_1091,control,returning,False,False,False,False,False
control_1092,control,new,True,True,True,False,False
control_1093,control,new,True,True,True,True,False
control_1094,control,new,False,False,False,False,False
control_1095,control,new,True,True,True,False,False
control_1096,control,new,True,True,True,False,False
control_1097,control,returning,True,True,True,False,False
control_1098,control,returning,False,False,False,False,False
control_1099,control,new,False,False,False,False,False
control_1100,control,new,True,True,True,False,False
control_1101,control,new,True,True,True,False,False
control_1102,control,returning,True,True,True,False,False
control_1103,control,returning,True,True,True,False,False
control_1104,control,new,False,False,False,False,False
control_1105,control,returning,True,True,True,False,False
control_1106,control,new,True,True,True,False,False
control_1107,control,new,True,True,True,True,False
control_1108,control,returning,True,False,False,False,False
control_1109,control,new,False,False,False,False,False
control_1110,control,new,True,False,False,False,False
control_1111,control,new,True,True,True,False,False
control_1112,control,returning,False,False,False,False,False
control_1113,control,returning,False,False,False,False,False
control_1114,control,returning,True,True,True,False,False
control_1115,control,new,False,False,False,False,False
control_1116,control,new,True,True,True,False,False
control_1117,control,returning,False,False,False,False,False
control_1118,control,new,True,True,True,False,False
control_1119,control,returning,True,False,False,False,False
control_1120,control,returning,True,True,True,False,False
control_1121,control,new,True,False,False,False,False
control_1122,control,returning,True,False,False,False,False
control_1123,control,new,True,True,False,False,False
control_1124,control,new,True,False,False,False,False
control_1125,control,new,True,False,False,False,False
control_1126,control,new,True,True,True,False,False
control_1127,control,returning,True,True,True,False,False
control_1128,control,returning,False,False,False,False,False
control_1129,control,returning,False,False,False,False,False
control_1130,control,returning,True,True,True,False,False
control_1131,control,new,True,True,True,True,False
control_1132,control,new,True,True,True,False,False
control_1133,control,returning,True,True,True,True,False
control_1134,control,returning,False,False,False,False,False
control_1135,control,new,True,True,False,False,False
control_1136,control,new,True,True,True,False,False
control_1137,control,new,True,True,True,False,False
control_1138,control,new,True,True,True,False,False
control_1139,control,returning,False,False,False,False,False
control_1140,control,new,True,True,True,False,False
control_1141,control,returning,True,False,False,False,False
control_1142,control,returning,True,True,True,False,False
control_1143,control,returning,False,False,False,False,False
control_1144,control,new,True,True,True,False,False
control_1145,control,new,False,False,False,False,False
control_1146,control,returning,False,False,False,False,False
control_1147,control,returning,True,True,True,False,False
control_1148,control,new,False,False,False,False,False
control_1149,control,returning,True,True,True,True,True
control_1150,control,new,True,True,True,False,False
control_1151,control,returning,True,True,True,True,False
control_1152,control,new,True,True,True,False,False
control_1153,control,new,True,False,False,False,False
control_1154,control,new,True,True,False,False,False
control_1155,control,new,True,False,False,False,False
control_1156,control,new,True,True,True,False,False
control_1157,control,new,True,True,True,False,False
control_1158,control,new,True,True,True,False,False
control_1159,control,returning,True,True,True,False,False
control_1160,control,new,False,False,False,False,False
control_1161,control,returning,False,False,False,False,False
control_1162,control,returning,True,True,True,False,False
control_1163,control,new,True,True,True,True,False
control_1164,control,new,True,True,True,False,False
control_1165,control,returning,True,True,True,False,False
control_1166,control,returning,True,True,True,True,False
control_1167,control,new,True,True,True,False,False
control_1168,control,returning,True,True,True,False,False
control_1169,control,new,True,True,True,True,False
control_1170,control,new,True,True,False,False,False
control_1171,control,returning,True,True,True,False,False
control_1172,control,new,False,False,False,False,False
control_1173,control,returning,True,True,True,False,False
control_1174,control,new,True,False,False,False,False
control_1175,control,returning,True,False,False,False,False
control_1176,control,new,True,True,True,False,False
control_1177,control,new,True,True,True,False,False
control_1178,control,new,True,True,True,False,False
control_1179,control,new,True,True,False,False,False
control_1180,control,returning,True,True,True,False,False
control_1181,control,new,True,True,False,False,False
control_1182,control,new,True,True,True,False,False
control_1183,control,new,True,False,False,False,False
control_1184,control,new,True,True,True,False,False
control_1185,control,returning,False,False,False,False,False
control_1186,control,new,True,True,True,False,False
control_1187,control,returning,True,True,True,False,False
control_1188,control,new,False,False,False,False,False
control_1189,control,returning,True,True,True,True,False
control_1190,control,new,True,True,True,False,False
control_1191,control,new,True,True,False,False,False
control_1192,control,returning,True,True,True,False,False
control_1193,control,returning,True,True,True,False,False
control_1194,control,returning,False,False,False,False,False
control_1195,control,new,False,False,False,False,False
control_1196,control,new,True,True,True,False,False
control_1197,control,returning,True,True,True,False,False
control_1198,control,new,False,False,False,False,False
control_1199,control,returning,True,True,True,False,False
control_1200,control,new,True,True,True,False,False
control_1201,control,new,True,False,False,False,False
control_1202,control,returning,True,True,True,False,False
control_1203,control,returning,True,True,True,True,False
control_1204,control,new,True,True,True,False,False
control_1205,control,new,True,False,False,False,False
control_1206,control,returning,True,True,True,False,False
control_1207,control,new,False,False,False,False,False
control_1208,control,new,True,True,True,False,False
control_1209,control,new,True,True,False,False,False
control_1210,control,returning,True,False,False,False,False
control_1211,control,returning,True,True,True,False,False
control_1212,control,new,False,False,False,False,False
control_1213,control,new,False,False,False,False,False
control_1214,control,new,True,True,True,False,False
control_1215,control,new,True,True,True,False,False
control_1216,control,new,True,False,False,False,False
control_1217,control,new,True,False,False,False,False
control_1218,control,returning,True,True,True,True,False
control_1219,control,new,True,True,True,False,False
control_1220,control,new,True,False,False,False,False
control_1221,control,new,True,True,True,False,False
control_1222,control,returning,True,True,True,False,False
control_1223,control,returning,True,True,True,False,False
control_1224,control,new,True,True,True,False,False
control_1225,control,returning,True,False,False,False,False
control_1226,control,new,True,False,False,False,False
control_1227,control,new,True,True,True,False,False
control_1228,control,returning,True,True,True,False,False
control_1229,control,new,True,True,True,False,False
control_1230,control,new,False,False,False,False,False
control_1231,control,new,False,False,False,False,False
control_1232,control,new,True,True,True,False,False
control_1233,control,returning,True,False,False,False,False
control_1234,control,new,True,True,True,False,False
control_1235,control,new,True,True,True,True,False
control_1236,control,new,True,True,True,False,False
control_1237,control,new,True,True,True,False,False
control_1238,control,new,True,True,True,False,False
control_1239,control,new,True,False,False,False,False
control_1240,control,returning,True,True,True,False,False
control_1241,control,new,True,True,True,False,False
control_1242,control,new,True,True,False,False,False
control_1243,control,new,True,True,True,False,False
control_1244,control,new,True,True,True,False,False
control_1245,control,new,True,True,False,False,False
control_1246,control,returning,True,True,False,False,False
control_1247,control,new,True,True,True,True,False
control_1248,control,returning,True,True,True,False,False
control_1249,control,returning,False,False,False,False,False
control_1250,control,new,True,True,True,False,False
control_1251,control,new,True,True,True,False,False
control_1252,control,new,True,True,True,False,False
control_1253,control,returning,False,False,False,False,False
control_1254,control,new,False,False,False,False,False
control_1255,control,returning,False,False,False,False,False
control_1256,control,returning,True,True,True,False,False
control_1257,control,returning,True,False,False,False,False
control_1258,control,new,True,True,True,False,False
control_1259,control,returning,True,True,True,False,False
control_1260,control,new,True,False,False,False,False
control_1261,control,new,True,True,True,False,False
control_1262,control,new,True,True,True,True,False
control_1263,control,returning,False,False,False,False,False
control_1264,control,new,True,True,True,False,False
control_1265,control,returning,True,True,True,False,False
control_1266,control,new,True,True,True,True,False
control_1267,control,returning,False,False,False,False,False
control_1268,control,new,False,False,False,False,False
control_1269,control,new,True,False,False,False,False
control_1270,control,returning,False,False,False,False,False
control_1271,control,new,False,False,False,False,False
control_1272,control,new,False,False,False,False,False
control_1273,control,new,False,False,False,False,False
control_1274,control,new,True,True,True,True,False
control_1275,control,new,False,False,False,False,False
control_1276,control,new,True,False,False,False,False
control_1277,control,new,True,True,False,False,False
control_1278,control,returning,True,True,True,False,False
control_1279,control,new,True,False,False,False,False
control_1280,control,new,False,False,False,False,False
control_1281,control,new,True,False,False,False,False
control_1282,control,new,False,False,False,False,False
control_1283,control,returning,True,True,True,True,False
control_1284,control,returning,True,True,False,False,False
control_1285,control,returning,True,True,True,True,False
control_1286,control,new,False,False,False,False,False
control_1287,control,new,True,True,False,False,False
control_1288,control,new,True,True,True,False,False
control_1289,control,new,True,True,False,False,False
control_1290,control,new,True,True,True,False,False
control_1291,control,returning,True,False,False,False,False
control_1292,control,new,False,False,False,False,False
control_1293,control,new,True,True,True,False,False
control_1294,control,new,False,False,False,False,False
control_1295,control,new,True,True,True,False,False
control_1296,control,new,False,False,False,False,False
control_1297,control,new,True,False,False,False,False
control_1298,control,returning,True,True,True,False,False
control_1299,control,new,True,True,True,True,False
control_1300,control,new,True,True,True,False,False
control_1301,control,new,True,True,True,False,False
control_1302,control,returning,True,True,False,False,False
control_1303,control,new,True,True,True,False,False
control_1304,control,returning,True,True,True,False,False
control_1305,control,returning,True,True,True,False,False
control_1306,control,new,False,False,False,False,False
control_1307,control,returning,True,False,False,False,False
control_1308,control,new,True,True,True,False,False
control_1309,control,returning,True,True,True,False,False
control_1310,control,new,True,True,True,False,False
control_1311,control,returning,True,True,True,False,False
control_1312,control,new,True,True,True,False,False
control_1313,control,new,True,True,True,False,False
control_1314,control,new,True,True,True,False,False
control_1315,control,returning,True,False,False,False,False
control_1316,control,new,True,False,False,False,False
control_1317,control,new,False,False,False,False,False
control_1318,control,returning,True,True,True,False,False
control_1319,control,returning,True,True,True,False,False
control_1320,control,new,True,True,True,True,False
control_1321,control,new,True,True,True,False,False
control_1322,control,new,False,False,False,False,False
control_1323,control,returning,True,True,False,False,False
control_1324,control,new,True,True,True,False,False
control_1325,control,returning,True,True,True,False,False
control_1326,control,new,True,True,False,False,False
control_1327,control,new,False,False,False,False,False
control_1328,control,new,True,True,True,True,False
control_1329,control,new,True,True,True,True,False
control_1330,control,returning,False,False,False,False,False
control_1331,control,new,True,True,True,False,False
control_1332,control,new,True,True,True,False,False
control_1333,control,returning,True,True,True,False,False
control_1334,control,returning,True,True,True,True,False
control_1335,control,returning,False,False,False,False,False
control_1336,control,new,True,True,True,False,False
control_1337,control,new,True,True,True,False,False
control_1338,control,returning,False,False,False,False,False
control_1339,control,new,True,True,True,True,False
control_1340,control,new,True,True,True,False,False
control_1341,control,returning,True,True,True,False,False
control_1342,control,new,False,False,False,False,False
control_1343,control,new,True,True,True,False,False
control_1344,control,returning,True,True,True,True,False
control_1345,control,returning,True,True,True,False,False
control_1346,control,new,True,True,True,False,False
control_1347,control,new,True,False,False,False,False
control_1348,control,new,True,True,True,True,False
control_1349,control,new,True,True,True,True,False
control_1350,control,returning,False,False,False,False,False
control_1351,control,returning,False,False,False,False,False
control_1352,control,new,True,True,True,False,False
control_1353,control,new,True,True,True,True,False
control_1354,control,returning,False,False,False,False,False
control_1355,control,new,False,False,False,False,False
control_1356,control,new,True,False,False,False,False
control_1357,control,new,True,True,True,False,False
control_1358,control,returning,True,True,True,False,False
control_1359,control,new,False,False,False,False,False
control_1360,control,returning,True,True,True,False,False
control_1361,control,new,True,True,True,True,False
control_1362,control,returning,True,True,True,False,False
control_1363,control,new,False,False,False,False,False
control_1364,control,new,False,False,False,False,False
control_1365,control,new,False,False,False,False,False
control_1366,control,new,True,True,True,False,False
control_1367,control,new,False,False,False,False,False
control_1368,control,new,False,False,False,False,False
control_1369,control,new,True,True,True,False,False
control_1370,control,new,True,False,False,False,False
control_1371,control,returning,False,False,False,False,False
control_1372,control,new,True,True,True,False,False
control_1373,control,returning,True,False,False,False,False
control_1374,control,returning,True,True,False,False,False
control_1375,control,new,True,True,False,False,False
control_1376,control,returning,True,False,False,False,False
control_1377,control,returning,True,True,True,False,False
control_1378,control,returning,True,True,True,False,False
control_1379,control,new,False,False,False,False,False
control_1380,control,new,True,True,True,False,False
control_1381,control,new,True,True,True,False,False
control_1382,control,new,False,False,False,False,False
control_1383,control,returning,True,False,False,False,False
control_1384,control,returning,True,True,True,True,False
control_1385,control,new,False,False,False,False,False
control_1386,control,returning,True,False,False,False,False
control_1387,control,new,True,False,False,False,False
control_1388,control,returning,True,True,True,False,False
control_1389,control,new,False,False,False,False,False
control_1390,control,returning,True,True,True,False,False
control_1391,control,returning,True,False,False,False,False
control_1392,control,new,False,False,False,False,False
control_1393,control,new,True,True,True,True,False
control_1394,control,returning,True,True,True,False,False
control_1395,control,new,True,True,False,False,False
control_1396,control,new,True,True,True,True,False
control_1397,control,returning,True,False,False,False,False
control_1398,control,new,True,True,True,False,False
control_1399,control,new,True,True,True,True,False
control_1400,control,new,True,True,True,False,False
control_1401,control,new,True,True,True,False,False
control_1402,control,returning,True,True,True,False,False
control_1403,control,new,True,True,True,False,False
control_1404,control,new,True,True,True,False,False
control_1405,control,new,True,True,True,False,False
control_1406,control,returning,True,True,True,False,False
control_1407,control,new,True,True,True,False,False
control_1408,control,returning,True,True,True,False,False
control_1409,control,returning,False,False,False,False,False
control_1410,control,returning,True,True,True,False,False
control_1411,control,returning,False,False,False,False,False
control_1412,control,returning,True,True,True,True,False
control_1413,control,returning,True,False,False,False,False
control_1414,control,new,True,False,False,False,False
control_1415,control,returning,True,True,True,False,False
control_1416,control,new,True,True,True,True,False
control_1417,control,new,False,False,False,False,False
control_1418,control,returning,True,True,True,True,False
control_1419,control,returning,True,False,False,False,False
control_1420,control,returning,True,True,True,False,False
control_1421,control,new,True,True,True,False,False
control_1422,control,new,False,False,False,False,False
control_1423,control,new,True,True,True,True,False
control_1424,control,new,False,False,False,False,False
control_1425,control,new,True,True,True,False,False
control_1426,control,new,False,False,False,False,False
control_1427,control,new,False,False,False,False,False
control_1428,control,returning,False,False,False,False,False
control_1429,control,new,True,False,False,False,False
control_1430,control,returning,True,True,False,False,False
control_1431,control,returning,True,True,True,True,False
control_1432,control,new,True,True,True,True,False
control_1433,control,new,True,True,True,False,False
control_1434,control,new,True,True,True,False,False
control_1435,control,returning,True,True,True,False,False
control_1436,control,new,False,False,False,False,False
control_1437,control,new,True,True,True,False,False
control_1438,control,returning,False,False,False,False,False
control_1439,control,returning,True,True,True,False,False
control_1440,control,new,True,True,True,True,False
control_1441,control,new,False,False,False,False,False
control_1442,control,new,False,False,False,False,False
control_1443,control,new,True,True,True,False,False
control_1444,control,new,False,False,False,False,False
control_1445,control,new,True,True,True,False,False
control_1446,control,returning,False,False,False,False,False
control_1447,control,new,True,True,True,False,False
control_1448,control,returning,True,True,True,False,False
control_1449,control,new,True,True,True,False,False
control_1450,control,returning,True,False,False,False,False
control_1451,control,returning,True,True,True,True,False
control_1452,control,returning,True,False,False,False,False
control_1453,control,returning,True,True,True,True,False
control_1454,control,new,False,False,False,False,False
control_1455,control,new,True,True,True,False,False
control_1456,control,new,True,True,True,False,False
control_1457,control,new,True,True,True,False,False
control_1458,control,returning,True,True,True,False,False
control_1459,control,new,True,False,False,False,False
control_1460,control,returning,True,False,False,False,False
control_1461,control,new,True,True,True,False,False
control_1462,control,new,True,True,True,False,False
control_1463,control,new,True,True,True,False,False
control_1464,control,returning,True,False,False,False,False
control_1465,control,returning,False,False,False,False,False
control_1466,control,new,False,False,False,False,False
control_1467,control,new,True,True,True,False,False
control_1468,control,returning,True,True,True,False,False
control_1469,control,new,True,True,True,False,False
control_1470,control,returning,True,True,True,False,False
control_1471,control,new,True,True,True,False,False
control_1472,control,new,False,False,False,False,False
control_1473,control,new,True,True,True,False,False
control_1474,control,new,True,True,True,False,False
control_1475,control,new,True,False,False,False,False
control_1476,control,new,True,True,True,False,False
control_1477,control,returning,True,True,True,False,False
control_1478,control,new,True,True,True,False,False
control_1479,control,new,False,False,False,False,False
control_1480,control,new,True,False,False,False,False
control_1481,control,new,True,True,True,True,False
control_1482,control,new,True,False,False,False,False
control_1483,control,new,True,True,True,False,False
control_1484,control,returning,False,False,False,False,False
control_1485,control,new,False,False,False,False,False
control_1486,control,returning,False,False,False,False,False
control_1487,control,new,True,True,True,False,False
control_1488,control,returning,True,False,False,False,False
control_1489,control,new,True,False,False,False,False
control_1490,control,new,True,True,True,False,False
control_1491,control,returning,True,False,False,False,False
control_1492,control,returning,True,False,False,False,False
control_1493,control,returning,True,True,True,True,False
control_1494,control,new,False,False,False,False,False
control_1495,control,returning,True,True,True,False,False
control_1496,control,returning,False,False,False,False,False
control_1497,control,returning,True,True,True,False,False
control_1498,control,new,True,False,False,False,False
control_1499,control,returning,True,True,True,False,False
control_1500,control,returning,True,True,True,False,False
control_1501,control,returning,True,True,True,False,False
control_1502,control,new,True,True,True,True,False
control_1503,control,new,True,True,True,False,False
control_1504,control,returning,False,False,False,False,False
control_1505,control,new,True,True,True,False,False
control_1506,control,returning,True,True,True,False,False
control_1507,control,new,True,True,True,False,False
control_1508,control,new,False,False,False,False,False
control_1509,control,returning,True,True,True,True,False
control_1510,control,new,True,True,True,False,False
control_1511,control,new,True,True,True,False,False
control_1512,control,returning,True,True,True,False,False
control_1513,control,returning,True,False,False,False,False
control_1514,control,returning,True,True,True,False,False
control_1515,control,new,False,False,False,False,False
control_1516,control,new,True,False,False,False,False
control_1517,control,returning,True,True,True,True,False
control_1518,control,new,True,True,True,False,False
control_1519,control,new,True,True,True,False,False
control_1520,control,new,True,False,False,False,False
control_1521,control,new,True,True,True,False,False
control_1522,control,returning,True,True,True,False,False
control_1523,control,returning,True,True,True,False,False
control_1524,control,returning,True,True,True,False,False
control_1525,control,new,False,False,False,False,False
control_1526,control,new,True,True,True,False,False
control_1527,control,new,True,True,True,False,False
control_1528,control,new,False,False,False,False,False
control_1529,control,new,False,False,False,False,False
control_1530,control,new,True,True,True,False,False
control_1531,control,new,False,False,False,False,False
control_1532,control,new,True,False,False,False,False
control_1533,control,returning,True,True,False,False,False
control_1534,control,new,False,False,False,False,False
control_1535,control,new,False,False,False,False,False
control_1536,control,returning,True,False,False,False,False
control_1537,control,returning,True,True,False,False,False
control_1538,control,returning,True,True,True,False,False
control_1539,control,new,True,True,False,False,False
control_1540,control,returning,False,False,False,False,False
control_1541,control,new,True,False,False,False,False
control_1542,control,new,True,True,True,False,False
control_1543,control,new,True,True,True,False,False
control_1544,control,new,True,True,True,False,False
control_1545,control,new,True,True,True,True,False
control_1546,control,new,False,False,False,False,False
control_1547,control,returning,True,True,True,False,False
control_1548,control,new,True,True,True,False,False
control_1549,control,new,True,True,True,True,False
control_1550,control,new,True,False,False,False,False
control_1551,control,new,True,True,True,True,False
control_1552,control,new,True,True,True,False,False
control_1553,control,new,True,True,False,False,False
control_1554,control,new,True,True,False,False,False
control_1555,control,returning,False,False,False,False,False
control_1556,control,returning,True,True,True,False,False
control_1557,control,new,True,True,False,False,False
control_1558,control,returning,True,True,True,True,False
control_1559,control,returning,True,True,True,False,False
control_1560,control,returning,False,False,False,False,False
control_1561,control,returning,True,True,True,False,False
control_1562,control,returning,True,True,True,False,False
control_1563,control,returning,True,True,True,False,False
control_1564,control,returning,False,False,False,False,False
control_1565,control,new,True,True,True,False,False
control_1566,control,new,True,True,True,False,False
control_1567,control,new,True,False,False,False,False
control_1568,control,new,True,True,True,True,False
control_1569,control,new,False,False,False,False,False
control_1570,control,new,True,True,True,False,False
control_1571,control,new,True,True,True,True,False
control_1572,control,new,True,True,False,False,False
control_1573,control,returning,False,False,False,False,False
control_1574,control,new,True,True,True,False,False
control_1575,control,new,True,True,True,False,False
control_1576,control,returning,False,False,False,False,False
control_1577,control,returning,True,True,False,False,False
control_1578,control,returning,False,False,False,False,False
control_1579,control,returning,False,False,False,False,False
control_1580,control,returning,True,True,True,False,False
control_1581,control,new,True,True,True,False,False
control_1582,control,new,True,True,True,False,False
control_1583,control,new,True,False,False,False,False
control_1584,control,returning,True,False,False,False,False
control_1585,control,returning,False,False,False,False,False
control_1586,control,new,True,True,True,False,False
control_1587,control,new,True,True,True,True,False
control_1588,control,new,True,True,True,False,False
control_1589,control,new,True,True,True,True,False
control_1590,control,new,True,True,True,False,False
control_1591,control,new,False,False,False,False,False
control_1592,control,returning,True,False,False,False,False
control_1593,control,new,True,True,True,False,False
control_1594,control,returning,True,True,True,False,False
control_1595,control,returning,True,True,True,False,False
control_1596,control,new,False,False,False,False,False
control_1597,control,new,True,True,True,False,False
control_1598,control,returning,True,True,True,True,False
control_1599,control,new,True,True,True,False,False
control_1600,control,returning,True,True,True,False,False
control_1601,control,new,True,True,True,False,False
control_1602,control,returning,False,False,False,False,False
control_1603,control,returning,False,False,False,False,False
control_1604,control,new,True,True,True,True,False
control_1605,control,new,True,False,False,False,False
control_1606,control,returning,True,True,True,False,False
control_1607,control,new,True,True,False,False,False
control_1608,control,new,True,False,False,False,False
control_1609,control,new,True,True,True,False,False
control_1610,control,new,True,False,False,False,False
control_1611,control,returning,True,True,True,False,False
control_1612,control,returning,True,True,True,False,False
control_1613,control,new,True,True,True,False,False
control_1614,control,returning,True,True,True,False,False
control_1615,control,new,True,True,True,False,False
control_1616,control,new,True,True,True,False,False
control_1617,control,new,False,False,False,False,False
control_1618,control,returning,True,True,True,False,False
control_1619,control,new,True,True,True,False,False
control_1620,control,new,True,True,True,True,False
control_1621,control,new,True,True,True,False,False
control_1622,control,returning,True,False,False,False,False
control_1623,control,new,True,True,False,False,False
control_1624,control,new,True,True,True,False,False
control_1625,control,returning,True,True,True,False,False
control_1626,control,new,True,True,True,False,False
control_1627,control,new,False,False,False,False,False
control_1628,control,new,True,False,False,False,False
control_1629,control,new,True,True,True,False,False
control_1630,control,new,True,True,True,False,False
control_1631,control,returning,True,False,False,False,False
control_1632,control,returning,True,True,False,False,False
control_1633,control,returning,True,True,True,False,False
control_1634,control,returning,True,True,True,False,False
control_1635,control,new,True,True,True,False,False
control_1636,control,new,True,True,True,False,False
control_1637,control,returning,True,False,False,False,False
control_1638,control,new,True,True,True,False,False
control_1639,control,returning,True,True,True,False,False
control_1640,control,returning,True,True,True,False,False
control_1641,control,new,False,False,False,False,False
control_1642,control,new,False,False,False,False,False
control_1643,control,new,True,True,True,False,False
control_1644,control,new,True,False,False,False,False
control_1645,control,new,True,True,True,False,False
control_1646,control,new,True,True,True,False,False
control_1647,control,returning,True,True,True,False,False
control_1648,control,returning,True,True,True,False,False
control_1649,control,returning,True,True,True,False,False
control_1650,control,new,False,False,False,False,False
control_1651,control,new,True,False,False,False,False
control_1652,control,new,True,True,True,True,False
control_1653,control,new,True,True,True,False,False
control_1654,control,returning,True,False,False,False,False
control_1655,control,new,True,False,False,False,False
control_1656,control,new,False,False,False,False,False
control_1657,control,returning,False,False,False,False,False
control_1658,control,new,True,False,False,False,False
control_1659,control,new,True,True,True,True,False
control_1660,control,new,True,True,True,False,False
control_1661,control,returning,True,True,True,False,False
control_1662,control,returning,True,True,False,False,False
control_1663,control,new,True,False,False,False,False
control_1664,control,returning,True,True,True,False,False
control_1665,control,returning,True,True,True,False,False
control_1666,control,returning,True,False,False,False,False
control_1667,control,new,False,False,False,False,False
control_1668,control,new,True,False,False,False,False
control_1669,control,returning,False,False,False,False,False
control_1670,control,new,True,True,True,False,False
control_1671,control,returning,False,False,False,False,False
control_1672,control,returning,True,False,False,False,False
control_1673,control,new,True,True,True,False,False
control_1674,control,returning,True,True,True,False,False
control_1675,control,returning,False,False,False,False,False
control_1676,control,returning,True,True,True,False,False
control_1677,control,new,True,True,True,False,False
control_1678,control,returning,False,False,False,False,False
control_1679,control,new,True,True,True,False,False
control_1680,control,returning,False,False,False,False,False
control_1681,control,returning,True,True,True,False,False
control_1682,control,returning,True,False,False,False,False
control_1683,control,new,True,True,True,False,False
control_1684,control,new,True,True,True,False,False
control_1685,control,new,True,True,True,False,False
control_1686,control,new,True,False,False,False,False
control_1687,control,new,True,False,False,False,False
control_1688,control,new,False,False,False,False,False
control_1689,control,new,False,False,False,False,False
control_1690,control,returning,True,True,True,True,False
control_1691,control,returning,True,True,True,True,False
control_1692,control,new,True,True,True,False,False
control_1693,control,returning,False,False,False,False,False
control_1694,control,returning,True,True,True,False,False
control_1695,control,new,True,True,True,False,False
control_1696,control,new,True,True,True,False,False
control_1697,control,returning,False,False,False,False,False
control_1698,control,returning,False,False,False,False,False
control_1699,control,returning,True,True,True,False,False
control_1700,control,returning,False,False,False,False,False
control_1701,control,returning,True,True,True,False,False
control_1702,control,new,True,False,False,False,False
control_1703,control,returning,False,False,False,False,False
control_1704,control,new,True,True,True,False,False
control_1705,control,returning,True,True,True,False,False
control_1706,control,new,False,False,False,False,False
control_1707,control,new,False,False,False,False,False
control_1708,control,returning,True,True,False,False,False
control_1709,control,new,True,True,True,False,False
control_1710,control,returning,False,False,False,False,False
control_1711,control,new,True,True,True,False,False
control_1712,control,returning,False,False,False,False,False
control_1713,control,returning,True,True,True,False,False
control_1714,control,new,True,True,True,False,False
control_1715,control,returning,True,True,True,False,False
control_1716,control,new,False,False,False,False,False
control_1717,control,returning,False,False,False,False,False
control_1718,control,returning,True,False,False,False,False
control_1719,control,returning,True,True,True,False,False
control_1720,control,new,False,False,False,False,False
control_1721,control,new,True,False,False,False,False
control_1722,control,returning,True,True,True,False,False
control_1723,control,new,False,False,False,False,False
control_1724,control,new,False,False,False,False,False
control_1725,control,new,False,False,False,False,False
control_1726,control,new,True,True,True,False,False
control_1727,control,returning,True,True,True,False,False
control_1728,control,new,False,False,False,False,False
control_1729,control,new,True,False,False,False,False
control_1730,control,returning,True,True,True,False,False
control_1731,control,new,False,False,False,False,False
control_1732,control,returning,True,False,False,False,False
control_1733,control,new,False,False,False,False,False
control_1734,control,returning,True,True,True,False,False
control_1735,control,returning,False,False,False,False,False
control_1736,control,returning,True,True,True,True,False
control_1737,control,new,True,True,True,False,False
control_1738,control,new,False,False,False,False,False
control_1739,control,returning,True,True,True,False,False
control_1740,control,new,True,True,True,True,False
control_1741,control,new,True,True,True,False,False
control_1742,control,new,False,False,False,False,False
control_1743,control,returning,False,False,False,False,False
control_1744,control,returning,True,False,False,False,False
control_1745,control,returning,True,True,True,False,False
control_1746,control,returning,True,True,True,False,False
control_1747,control,new,False,False,False,False,False
control_1748,control,new,False,False,False,False,False
control_1749,control,new,False,False,False,False,False
control_1750,control,returning,True,False,False,False,False
control_1751,control,new,True,False,False,False,False
control_1752,control,returning,False,False,False,False,False
control_1753,control,returning,False,False,False,False,False
control_1754,control,new,True,True,True,False,False
control_1755,control,new,True,True,True,False,False
control_1756,control,new,True,True,False,False,False
control_1757,control,returning,True,True,True,False,False
control_1758,control,returning,True,True,True,False,False
control_1759,control,returning,True,True,True,True,False
control_1760,control,new,True,False,False,False,False
control_1761,control,new,False,False,False,False,False
control_1762,control,new,True,True,True,False,False
control_1763,control,new,False,False,False,False,False
control_1764,control,new,True,True,True,True,False
control_1765,control,new,True,True,True,False,False
control_1766,control,returning,True,True,True,False,False
control_1767,control,new,True,True,True,False,False
control_1768,control,new,True,True,True,False,False
control_1769,control,returning,True,True,True,False,False
control_1770,control,new,False,False,False,False,False
control_1771,control,returning,False,False,False,False,False
control_1772,control,returning,True,True,True,False,False
control_1773,control,returning,True,True,True,False,False
control_1774,control,returning,True,True,True,False,False
control_1775,control,new,True,True,True,False,False
control_1776,control,returning,True,True,True,False,False
control_1777,control,new,True,True,True,False,False
control_1778,control,new,True,True,True,True,False
control_1779,control,new,True,False,False,False,False
control_1780,control,new,False,False,False,False,False
control_1781,control,returning,False,False,False,False,False
control_1782,control,new,True,True,True,False,False
control_1783,control,new,False,False,False,False,False
control_1784,control,new,True,True,True,False,False
control_1785,control,returning,True,True,True,False,False
control_1786,control,new,False,False,False,False,False
control_1787,control,returning,False,False,False,False,False
control_1788,control,returning,False,False,False,False,False
control_1789,control,new,True,False,False,False,False
control_1790,control,returning,False,False,False,False,False
control_1791,control,new,True,True,True,True,False
control_1792,control,new,True,True,True,False,False
control_1793,control,returning,True,True,True,True,False
control_1794,control,returning,False,False,False,False,False
control_1795,control,new,True,True,True,False,False
control_1796,control,new,True,True,True,False,False
control_1797,control,new,False,False,False,False,False
control_1798,control,new,True,True,True,True,False
control_1799,control,returning,True,True,True,False,False
control_1800,control,returning,True,True,True,False,False
control_1801,control,returning,True,True,True,False,False
control_1802,control,new,False,False,False,False,False
control_1803,control,returning,True,True,True,False,False
control_1804,control,returning,True,True,True,True,False
control_1805,control,returning,True,False,False,False,False
control_1806,control,new,True,True,True,True,False
control_1807,control,new,False,False,False,False,False
control_1808,control,new,True,True,True,False,False
control_1809,control,new,False,False,False,False,False
control_1810,control,new,True,True,True,False,False
control_1811,control,new,True,True,True,False,False
control_1812,control,returning,True,True,True,False,False
control_1813,control,new,True,True,True,False,False
control_1814,control,returning,True,False,False,False,False
control_1815,control,new,False,False,False,False,False
control_1816,control,returning,True,True,True,False,False
control_1817,control,new,True,True,True,False,False
control_1818,control,new,True,True,True,False,False
control_1819,control,returning,True,False,False,False,False
control_1820,control,returning,True,False,False,False,False
control_1821,control,new,False,False,False,False,False
control_1822,control,new,True,True,True,False,False
control_1823,control,returning,True,True,True,False,False
control_1824,control,returning,True,True,True,False,False
control_1825,control,new,True,True,True,False,False
control_1826,control,new,True,False,False,False,False
control_1827,control,new,True,True,True,False,False
control_1828,control,returning,True,True,True,False,False
control_1829,control,new,False,False,False,False,False
control_1830,control,new,True,True,True,False,False
control_1831,control,returning,True,True,True,True,False
control_1832,control,new,True,True,True,False,False
control_1833,control,new,True,True,True,True,False
control_1834,control,new,True,False,False,False,False
control_1835,control,new,True,True,True,False,False
control_1836,control,new,False,False,False,False,False
control_1837,control,new,True,True,True,False,False
control_1838,control,returning,True,False,False,False,False
control_1839,control,returning,True,False,False,False,False
control_1840,control,new,True,True,True,True,False
control_1841,control,new,True,True,True,False,False
control_1842,control,new,True,True,True,False,False
control_1843,control,returning,True,True,True,False,False
control_1844,control,new,True,True,True,False,False
control_1845,control,returning,False,False,False,False,False
control_1846,control,new,False,False,False,False,False
control_1847,control,returning,True,True,True,True,False
control_1848,control,new,True,True,True,True,False
control_1849,control,returning,False,False,False,False,False
control_1850,control,new,False,False,False,False,False
control_1851,control,returning,False,False,False,False,False
control_1852,control,new,True,True,True,False,False
control_1853,control,returning,True,True,True,False,False
control_1854,control,returning,True,True,True,False,False
control_1855,control,returning,False,False,False,False,False
control_1856,control,new,True,True,False,False,False
control_1857,control,new,True,True,True,False,False
control_1858,control,new,True,True,True,True,False
control_1859,control,new,True,True,True,False,False
control_1860,control,new,True,True,True,False,False
control_1861,control,returning,True,True,True,False,False
control_1862,control,returning,True,True,True,True,False
control_1863,control,new,True,False,False,False,False
control_1864,control,returning,True,True,True,False,False
control_1865,control,returning,True,True,True,False,False
control_1866,control,returning,False,False,False,False,False
control_1867,control,new,True,True,True,False,False
control_1868,control,new,True,True,True,False,False
control_1869,control,returning,True,False,False,False,False
control_1870,control,new,True,True,True,False,False
control_1871,control,new,True,False,False,False,False
control_1872,control,returning,True,True,True,False,False
control_1873,control,returning,True,True,True,False,False
control_1874,control,returning,True,True,True,True,False
control_1875,control,returning,True,True,True,True,False
control_1876,control,new,True,False,False,False,False
control_1877,control,new,True,False,False,False,False
control_1878,control,new,True,True,True,True,False
control_1879,control,new,True,True,True,False,False
control_1880,control,new,True,True,True,False,False
control_1881,control,returning,True,True,True,False,False
control_1882,control,new,False,False,False,False,False
control_1883,control,returning,False,False,False,False,False
control_1884,control,new,True,True,True,False,False
control_1885,control,new,True,False,False,False,False
control_1886,control,new,True,True,False,False,False
control_1887,control,new,True,True,True,False,False
control_1888,control,returning,False,False,False,False,False
control_1889,control,new,True,False,False,False,False
control_1890,control,new,False,False,False,False,False
control_1891,control,returning,True,True,True,False,False
control_1892,control,new,True,True,True,False,False
control_1893,control,new,False,False,False,False,False
control_1894,control,new,True,True,True,True,False
control_1895,control,new,False,False,False,False,False
control_1896,control,returning,True,True,True,False,False
control_1897,control,new,False,False,False,False,False
control_1898,control,new,True,True,True,False,False
control_1899,control,new,True,False,False,False,False
control_1900,control,new,False,False,False,False,False
control_1901,control,new,True,True,True,False,False
control_1902,control,returning,True,True,True,False,False
control_1903,control,new,False,False,False,False,False
control_1904,control,returning,True,True,True,False,False
control_1905,control,new,False,False,False,False,False
control_1906,control,new,True,True,True,False,False
control_1907,control,new,True,True,True,False,False
control_1908,control,returning,True,True,True,False,False
control_1909,control,returning,True,False,False,False,False
control_1910,control,new,False,False,False,False,False
control_1911,control,new,True,True,True,False,False
control_1912,control,returning,True,False,False,False,False
control_1913,control,new,True,True,True,False,False
control_1914,control,new,True,True,False,False,False
control_1915,control,new,True,True,True,False,False
control_1916,control,returning,False,False,False,False,False
control_1917,control,returning,False,False,False,False,False
control_1918,control,new,False,False,False,False,False
control_1919,control,returning,True,False,False,False,False
control_1920,control,new,True,True,True,False,False
control_1921,control,new,True,True,True,False,False
control_1922,control,new,True,True,True,False,False
control_1923,control,new,True,True,False,False,False
control_1924,control,new,True,True,True,False,False
control_1925,control,new,True,False,False,False,False
control_1926,control,new,False,False,False,False,False
control_1927,control,returning,False,False,False,False,False
control_1928,control,new,False,False,False,False,False
control_1929,control,new,True,True,True,False,False
control_1930,control,returning,False,False,False,False,False
control_1931,control,returning,True,True,True,False,False
control_1932,control,returning,True,True,True,True,False
control_1933,control,returning,True,True,True,False,False
control_1934,control,returning,True,False,False,False,False
control_1935,control,new,True,True,True,False,False
control_1936,control,new,True,True,True,True,False
control_1937,control,returning,True,True,True,False,False
control_1938,control,new,True,True,True,False,False
control_1939,control,new,False,False,False,False,False
control_1940,control,new,True,False,False,False,False
control_1941,control,new,True,True,True,True,False
control_1942,control,new,True,True,True,True,False
control_1943,control,new,False,False,False,False,False
control_1944,control,returning,True,True,True,False,False
control_1945,control,returning,True,True,True,False,False
control_1946,control,new,True,False,False,False,False
control_1947,control,returning,True,True,True,False,False
control_1948,control,new,True,True,False,False,False
control_1949,control,returning,True,True,True,False,False
control_1950,control,returning,True,True,False,False,False
control_1951,control,new,True,False,False,False,False
control_1952,control,returning,True,False,False,False,False
control_1953,control,returning,True,True,True,False,False
control_1954,control,returning,True,True,False,False,False
control_1955,control,returning,True,True,True,False,False
control_1956,control,new,True,True,True,False,False
control_1957,control,new,True,True,True,False,False
control_1958,control,returning,True,True,True,False,False
control_1959,control,returning,True,True,True,False,False
control_1960,control,returning,True,True,False,False,False
control_1961,control,new,True,True,True,False,False
control_1962,control,new,True,True,True,False,False
control_1963,control,new,True,False,False,False,False
control_1964,control,returning,True,True,True,False,False
control_1965,control,new,True,True,False,False,False
control_1966,control,returning,False,False,False,False,False
control_1967,control,returning,True,True,True,False,False
control_1968,control,new,True,True,True,False,False
control_1969,control,new,False,False,False,False,False
control_1970,control,new,True,True,True,False,False
control_1971,control,returning,True,True,True,False,False
control_1972,control,returning,True,False,False,False,False
control_1973,control,new,False,False,False,False,False
control_1974,control,new,False,False,False,False,False
control_1975,control,new,True,True,True,False,False
control_1976,control,new,False,False,False,False,False
control_1977,control,returning,True,False,False,False,False
control_1978,control,returning,True,True,False,False,False
control_1979,control,new,True,True,False,False,False
control_1980,control,returning,True,True,True,False,False
control_1981,control,new,True,True,True,False,False
control_1982,control,returning,False,False,False,False,False
control_1983,control,new,True,True,True,False,False
control_1984,control,returning,True,True,False,False,False
control_1985,control,returning,True,False,False,False,False
control_1986,control,new,True,False,False,False,False
control_1987,control,returning,True,False,False,False,False
control_1988,control,returning,False,False,False,False,False
control_1989,control,new,True,True,True,False,False
control_1990,control,new,True,True,True,True,False
control_1991,control,returning,True,True,True,False,False
control_1992,control,new,False,False,False,False,False
control_1993,control,new,False,False,False,False,False
control_1994,control,new,True,True,True,True,False
control_1995,control,returning,True,True,True,True,False
control_1996,control,new,True,True,True,False,False
control_1997,control,new,False,False,False,False,False
control_1998,control,returning,False,False,False,False,False
control_1999,control,new,False,False,False,False,False
control_2000,control,returning,True,True,True,True,False
control_2001,control,new,True,True,True,False,False
control_2002,control,returning,True,True,True,False,False
control_2003,control,returning,True,True,True,False,False
control_2004,control,new,True,True,True,False,False
control_2005,control,returning,True,True,True,False,False
control_2006,control,new,True,True,True,False,False
control_2007,control,new,False,False,False,False,False
control_2008,control,new,False,False,False,False,False
control_2009,control,returning,False,False,False,False,False
control_2010,control,new,False,False,False,False,False
control_2011,control,new,True,True,True,False,False
control_2012,control,new,True,True,True,False,False
control_2013,control,new,True,True,False,False,False
control_2014,control,new,True,False,False,False,False
control_2015,control,new,True,True,True,False,False
control_2016,control,new,True,True,True,False,False
control_2017,control,new,False,False,False,False,False
control_2018,control,returning,True,True,True,False,False
control_2019,control,new,False,False,False,False,False
control_2020,control,returning,False,False,False,False,False
control_2021,control,new,False,False,False,False,False
control_2022,control,new,True,True,True,False,False
control_2023,control,new,False,False,False,False,False
control_2024,control,new,False,False,False,False,False
control_2025,control,new,False,False,False,False,False
control_2026,control,returning,True,False,False,False,False
control_2027,control,new,True,True,True,True,False
control_2028,control,new,False,False,False,False,False
control_2029,control,new,True,True,True,False,False
control_2030,control,new,True,True,True,False,False
control_2031,control,new,True,True,True,False,False
control_2032,control,new,True,True,True,False,False
control_2033,control,new,True,True,True,False,False
control_2034,control,new,False,False,False,False,False
control_2035,control,returning,False,False,False,False,False
control_2036,control,returning,False,False,False,False,False
control_2037,control,new,True,True,True,False,False
control_2038,control,returning,True,True,True,False,False
control_2039,control,returning,True,True,True,False,False
control_2040,control,new,True,True,True,True,False
control_2041,control,returning,True,True,True,False,False
control_2042,control,returning,False,False,False,False,False
control_2043,control,returning,False,False,False,False,False
control_2044,control,returning,True,True,True,False,False
control_2045,control,new,True,True,True,True,False
control_2046,control,new,True,True,False,False,False
control_2047,control,new,True,True,False,False,False
control_2048,control,new,True,False,False,False,False
control_2049,control,new,True,True,True,False,False
control_2050,control,returning,True,True,True,False,False
control_2051,control,new,True,True,True,False,False
control_2052,control,new,False,False,False,False,False
control_2053,control,returning,True,True,True,True,False
control_2054,control,new,True,False,False,False,False
control_2055,control,new,True,True,True,False,False
control_2056,control,returning,True,True,True,True,False
control_2057,control,new,True,True,True,False,False
control_2058,control,new,False,False,False,False,False
control_2059,control,new,False,False,False,False,False
control_2060,control,returning,True,False,False,False,False
control_2061,control,new,True,True,True,True,False
control_2062,control,new,True,False,False,False,False
control_2063,control,new,True,True,True,False,False
control_2064,control,new,True,True,True,False,False
control_2065,control,returning,False,False,False,False,False
control_2066,control,new,True,True,False,False,False
control_2067,control,returning,True,False,False,False,False
control_2068,control,new,True,True,True,False,False
control_2069,control,new,True,True,True,False,False
control_2070,control,returning,False,False,False,False,False
control_2071,control,new,True,False,False,False,False
control_2072,control,new,True,True,True,False,False
control_2073,control,returning,True,False,False,False,False
control_2074,control,new,False,False,False,False,False
control_2075,control,new,True,True,True,False,False
control_2076,control,returning,True,True,True,False,False
control_2077,control,new,True,True,True,False,False
control_2078,control,new,True,True,True,False,False
control_2079,control,new,False,False,False,False,False
control_2080,control,new,True,True,True,False,False
control_2081,control,new,True,True,True,False,False
control_2082,control,returning,True,True,True,False,False
control_2083,control,new,True,False,False,False,False
control_2084,control,returning,True,True,True,False,False
control_2085,control,new,False,False,False,False,False
control_2086,control,new,True,True,True,False,False
control_2087,control,new,True,False,False,False,False
control_2088,control,returning,True,True,True,False,False
control_2089,control,new,True,True,True,False,False
control_2090,control,new,True,True,True,False,False
control_2091,control,returning,True,True,True,False,False
control_2092,control,new,True,True,False,False,False
control_2093,control,new,True,True,True,False,False
control_2094,control,returning,False,False,False,False,False
control_2095,control,new,True,True,True,True,False
control_2096,control,new,True,True,True,False,False
control_2097,control,new,True,False,False,False,False
control_2098,control,new,True,True,False,False,False
control_2099,control,new,True,True,True,False,False
control_2100,control,returning,True,False,False,False,False
control_2101,control,new,True,True,True,False,False
control_2102,control,returning,False,False,False,False,False
control_2103,control,returning,False,False,False,False,False
control_2104,control,returning,True,True,True,False,False
control_2105,control,returning,False,False,False,False,False
control_2106,control,returning,False,False,False,False,False
control_2107,control,returning,True,False,False,False,False
control_2108,control,new,True,False,False,False,False
control_2109,control,new,True,True,True,False,False
control_2110,control,new,True,True,False,False,False
control_2111,control,new,True,True,True,False,False
control_2112,control,new,True,True,True,False,False
control_2113,control,returning,False,False,False,False,False
control_2114,control,new,True,True,True,False,False
control_2115,control,returning,False,False,False,False,False
control_2116,control,new,True,False,False,False,False
control_2117,control,new,True,True,True,True,False
control_2118,control,new,False,False,False,False,False
control_2119,control,new,True,True,True,False,False
control_2120,control,new,True,True,True,False,False
control_2121,control,new,True,True,True,False,False
control_2122,control,new,True,True,True,False,False
control_2123,control,new,True,True,True,False,False
control_2124,control,new,True,True,True,False,False
control_2125,control,new,True,True,False,False,False
control_2126,control,new,True,True,True,False,False
control_2127,control,new,True,False,False,False,False
control_2128,control,new,True,True,False,False,False
control_2129,control,new,True,True,True,False,False
control_2130,control,new,True,False,False,False,False
control_2131,control,returning,True,True,False,False,False
control_2132,control,returning,True,True,True,False,False
control_2133,control,returning,True,False,False,False,False
control_2134,control,new,True,True,True,False,False
control_2135,control,new,True,True,True,True,False
control_2136,control,new,False,False,False,False,False
control_2137,control,returning,True,True,False,False,False
control_2138,control,returning,True,True,True,False,False
control_2139,control,returning,True,True,True,False,False
control_2140,control,returning,True,True,True,False,False
control_2141,control,new,True,False,False,False,False
control_2142,control,returning,True,True,True,False,False
control_2143,control,returning,True,True,True,True,False
control_2144,control,new,True,True,True,False,False
control_2145,control,returning,True,False,False,False,False
control_2146,control,new,False,False,False,False,False
control_2147,control,returning,True,True,False,False,False
control_2148,control,returning,False,False,False,False,False
control_2149,control,new,True,True,True,False,False
control_2150,control,returning,False,False,False,False,False
control_2151,control,new,True,False,False,False,False
control_2152,control,returning,True,True,False,False,False
control_2153,control,returning,True,True,True,False,False
control_2154,control,returning,True,True,True,False,False
control_2155,control,returning,True,True,True,False,False
control_2156,control,new,True,True,True,False,False
control_2157,control,new,True,True,True,False,False
control_2158,control,new,True,True,True,False,False
control_2159,control,new,False,False,False,False,False
control_2160,control,new,True,True,True,False,False
control_2161,control,new,True,True,True,False,False
control_2162,control,new,True,True,True,False,False
control_2163,control,new,True,True,True,False,False
control_2164,control,returning,False,False,False,False,False
control_2165,control,new,True,False,False,False,False
control_2166,control,returning,True,False,False,False,False
control_2167,control,new,True,False,False,False,False
control_2168,control,new,True,False,False,False,False
control_2169,control,new,True,True,True,False,False
control_2170,control,new,False,False,False,False,False
control_2171,control,new,True,True,True,False,False
control_2172,control,new,True,False,False,False,False
control_2173,control,new,True,True,True,False,False
control_2174,control,new,True,True,True,False,False
control_2175,control,new,False,False,False,False,False
control_2176,control,new,True,True,True,True,False
control_2177,control,returning,True,True,True,False,False
control_2178,control,new,True,True,True,False,False
control_2179,control,returning,True,True,True,False,False
control_2180,control,returning,True,False,False,False,False
control_2181,control,returning,True,True,True,False,False
control_2182,control,returning,False,False,False,False,False
control_2183,control,new,True,True,True,False,False
control_2184,control,new,True,True,False,False,False
control_2185,control,new,True,True,True,True,False
control_2186,control,returning,True,True,True,False,False
control_2187,control,new,True,True,True,False,False
control_2188,control,new,True,True,True,False,False
control_2189,control,returning,True,True,True,False,False
control_2190,control,new,False,False,False,False,False
control_2191,control,new,True,True,True,True,False
control_2192,control,returning,True,True,True,False,False
control_2193,control,new,True,True,True,False,False
control_2194,control,new,True,True,False,False,False
control_2195,control,returning,True,False,False,False,False
control_2196,control,new,False,False,False,False,False
control_2197,control,new,True,True,True,True,False
control_2198,control,new,True,True,False,False,False
control_2199,control,returning,False,False,False,False,False
control_2200,control,new,True,True,True,False,False
control_2201,control,returning,True,True,False,False,False
control_2202,control,returning,True,True,True,False,False
control_2203,control,new,True,True,True,True,False
control_2204,control,new,True,True,True,True,False
control_2205,control,new,True,True,True,False,False
control_2206,control,returning,True,True,True,False,False
control_2207,control,new,True,True,False,False,False
control_2208,control,new,True,True,True,True,False
control_2209,control,new,False,False,False,False,False
control_2210,control,returning,True,True,True,True,False
control_2211,control,new,True,True,True,False,False
control_2212,control,returning,True,True,True,False,False
control_2213,control,new,True,True,True,False,False
control_2214,control,returning,True,True,True,False,False
control_2215,control,new,True,True,True,False,False
control_2216,control,new,True,True,True,False,False
control_2217,control,returning,True,True,True,True,False
control_2218,control,returning,True,True,True,False,False
control_2219,control,new,True,True,True,False,False
control_2220,control,new,True,False,False,False,False
control_2221,control,new,True,True,True,False,False
control_2222,control,new,True,True,True,True,False
control_2223,control,new,True,True,False,False,False
control_2224,control,returning,True,True,True,False,False
control_2225,control,new,True,True,False,False,False
control_2226,control,returning,True,True,True,True,False
control_2227,control,new,True,True,True,False,False
control_2228,control,new,True,True,True,True,False
control_2229,control,returning,True,True,True,False,False
control_2230,control,new,False,False,False,False,False
control_2231,control,returning,True,True,True,False,False
control_2232,control,new,False,False,False,False,False
control_2233,control,returning,True,True,True,False,False
control_2234,control,returning,True,True,True,False,False
control_2235,control,returning,True,True,True,False,False
control_2236,control,new,True,False,False,False,False
control_2237,control,new,True,True,True,False,False
control_2238,control,new,False,False,False,False,False
control_2239,control,new,True,True,True,True,False
control_2240,control,new,True,True,True,False,False
control_2241,control,new,True,True,True,True,False
control_2242,control,new,True,True,True,False,False
control_2243,control,new,False,False,False,False,False
control_2244,control,new,True,True,True,True,False
control_2245,control,new,True,True,True,False,False
control_2246,control,new,False,False,False,False,False
control_2247,control,returning,False,False,False,False,False
control_2248,control,new,True,True,True,False,False
control_2249,control,new,True,False,False,False,False
control_2250,control,new,False,False,False,False,False
control_2251,control,returning,True,False,False,False,False
control_2252,control,new,True,False,False,False,False
control_2253,control,new,True,True,True,False,False
control_2254,control,returning,False,False,False,False,False
control_2255,control,new,False,False,False,False,False
control_2256,control,returning,True,False,False,False,False
control_2257,control,returning,True,True,True,False,False
control_2258,control,new,True,True,True,False,False
control_2259,control,new,True,False,False,False,False
control_2260,control,returning,False,False,False,False,False
control_2261,control,returning,True,False,False,False,False
control_2262,control,new,True,True,True,False,False
control_2263,control,new,True,True,True,False,False
control_2264,control,new,True,True,True,False,False
control_2265,control,new,False,False,False,False,False
control_2266,control,returning,True,True,True,False,False
control_2267,control,new,False,False,False,False,False
control_2268,control,returning,True,True,True,True,False
control_2269,control,returning,True,True,True,False,False
control_2270,control,returning,True,True,False,False,False
control_2271,control,returning,True,False,False,False,False
control_2272,control,returning,True,True,True,True,False
control_2273,control,returning,True,True,False,False,False
control_2274,control,returning,True,True,True,False,False
control_2275,control,new,True,True,True,False,False
control_2276,control,new,True,True,True,False,False
control_2277,control,new,True,True,True,False,False
control_2278,control,returning,True,True,True,True,False
control_2279,control,returning,True,False,False,False,False
control_2280,control,new,False,False,False,False,False
control_2281,control,new,True,False,False,False,False
control_2282,control,new,True,True,True,False,False
control_2283,control,returning,True,False,False,False,False
control_2284,control,new,False,False,False,False,False
control_2285,control,new,True,True,True,False,False
control_2286,control,returning,True,False,False,False,False
control_2287,control,returning,False,False,False,False,False
control_2288,control,new,True,True,True,True,False
control_2289,control,new,False,False,False,False,False
control_2290,control,returning,True,True,True,False,False
control_2291,control,returning,False,False,False,False,False
control_2292,control,returning,False,False,False,False,False
control_2293,control,new,False,False,False,False,False
control_2294,control,new,True,True,True,False,False
control_2295,control,new,False,False,False,False,False
control_2296,control,returning,False,False,False,False,False
control_2297,control,new,True,True,True,False,False
control_2298,control,new,True,True,True,False,False
control_2299,control,returning,False,False,False,False,False
control_2300,control,returning,True,True,False,False,False
control_2301,control,returning,True,True,True,True,False
control_2302,control,new,True,True,True,False,False
control_2303,control,new,True,True,True,False,False
control_2304,control,new,True,False,False,False,False
control_2305,control,new,True,True,True,False,False
control_2306,control,new,True,True,True,False,False
control_2307,control,new,False,False,False,False,False
control_2308,control,new,True,True,True,False,False
control_2309,control,returning,True,True,True,False,False
control_2310,control,returning,True,True,True,False,False
control_2311,control,new,False,False,False,False,False
control_2312,control,new,False,False,False,False,False
control_2313,control,new,True,False,False,False,False
control_2314,control,new,True,True,False,False,False
control_2315,control,new,True,False,False,False,False
control_2316,control,new,True,True,True,True,False
control_2317,control,returning,True,True,True,False,False
control_2318,control,new,True,False,False,False,False
control_2319,control,returning,True,True,True,True,False
control_2320,control,new,True,False,False,False,False
control_2321,control,new,True,True,True,False,False
control_2322,control,new,False,False,False,False,False
control_2323,control,new,True,True,True,False,False
control_2324,control,new,True,True,True,False,False
control_2325,control,returning,True,True,True,False,False
control_2326,control,new,False,False,False,False,False
control_2327,control,new,True,True,True,False,False
control_2328,control,new,True,True,False,False,False
control_2329,control,new,True,False,False,False,False
control_2330,control,new,True,True,True,True,False
control_2331,control,new,False,False,False,False,False
control_2332,control,returning,True,True,True,False,False
control_2333,control,new,True,True,True,False,False
control_2334,control,new,True,True,True,False,False
control_2335,control,returning,True,False,False,False,False
control_2336,control,returning,True,True,True,False,False
control_2337,control,new,True,False,False,False,False
control_2338,control,new,True,True,True,False,False
control_2339,control,new,True,True,True,False,False
control_2340,control,new,False,False,False,False,False
control_2341,control,new,False,False,False,False,False
control_2342,control,returning,False,False,False,False,False
control_2343,control,new,True,False,False,False,False
control_2344,control,returning,True,True,True,False,False
control_2345,control,new,True,False,False,False,False
control_2346,control,returning,False,False,False,False,False
control_2347,control,returning,True,True,True,False,False
control_2348,control,new,True,True,False,False,False
control_2349,control,new,True,False,False,False,False
control_2350,control,new,False,False,False,False,False
control_2351,control,returning,False,False,False,False,False
control_2352,control,new,False,False,False,False,False
control_2353,control,new,True,True,True,False,False
control_2354,control,new,True,True,False,False,False
control_2355,control,returning,True,True,True,True,False
control_2356,control,new,True,True,True,True,False
control_2357,control,new,False,False,False,False,False
control_2358,control,returning,True,True,True,True,False
control_2359,control,new,True,True,True,True,False
control_2360,control,returning,True,False,False,False,False
control_2361,control,new,True,True,True,False,False
control_2362,control,new,True,True,False,False,False
control_2363,control,returning,True,True,True,False,False
control_2364,control,returning,False,False,False,False,False
control_2365,control,returning,True,True,True,False,False
control_2366,control,new,True,True,True,False,False
control_2367,control,new,True,True,False,False,False
control_2368,control,new,True,True,False,False,False
control_2369,control,new,True,False,False,False,False
control_2370,control,new,False,False,False,False,False
control_2371,control,new,True,True,True,False,False
control_2372,control,new,False,False,False,False,False
control_2373,control,new,True,True,True,False,False
control_2374,control,new,True,True,True,True,False
control_2375,control,new,True,True,True,False,False
control_2376,control,returning,True,True,True,False,False
control_2377,control,returning,False,False,False,False,False
control_2378,control,new,True,True,False,False,False
control_2379,control,returning,True,True,True,False,False
control_2380,control,returning,True,True,True,True,False
control_2381,control,new,False,False,False,False,False
control_2382,control,new,True,True,True,False,False
control_2383,control,new,False,False,False,False,False
control_2384,control,new,True,True,True,False,False
control_2385,control,returning,False,False,False,False,False
control_2386,control,returning,True,True,True,False,False
control_2387,control,new,True,True,True,False,False
control_2388,control,returning,False,False,False,False,False
control_2389,control,new,True,True,True,False,False
control_2390,control,new,True,True,True,True,False
control_2391,control,returning,True,False,False,False,False
control_2392,control,new,True,True,True,False,False
control_2393,control,new,True,True,True,False,False
control_2394,control,new,True,True,True,False,False
control_2395,control,returning,False,False,False,False,False
control_2396,control,new,False,False,False,False,False
control_2397,control,new,True,True,True,False,False
control_2398,control,new,True,False,False,False,False
control_2399,control,new,False,False,False,False,False
control_2400,control,new,True,False,False,False,False
control_2401,control,returning,True,True,True,False,False
control_2402,control,returning,True,True,True,True,False
control_2403,control,returning,True,True,True,True,False
control_2404,control,returning,True,True,False,False,False
control_2405,control,new,True,True,True,False,False
control_2406,control,new,False,False,False,False,False
control_2407,control,new,True,True,True,False,False
control_2408,control,new,True,True,True,True,False
control_2409,control,returning,True,True,True,False,False
control_2410,control,returning,True,True,True,False,False
control_2411,control,returning,False,False,False,False,False
control_2412,control,new,True,True,True,False,False
control_2413,control,new,False,False,False,False,False
control_2414,control,new,True,True,True,True,False
control_2415,control,new,True,False,False,False,False
control_2416,control,new,True,True,True,False,False
control_2417,control,new,True,True,True,False,False
control_2418,control,new,False,False,False,False,False
control_2419,control,returning,True,True,True,True,False
control_2420,control,new,True,True,False,False,False
control_2421,control,new,True,True,True,True,False
control_2422,control,returning,True,True,True,False,False
control_2423,control,new,False,False,False,False,False
control_2424,control,returning,True,True,True,False,False
control_2425,control,returning,True,True,True,True,False
control_2426,control,new,True,True,True,False,False
control_2427,control,returning,True,True,True,False,False
control_2428,control,returning,True,True,True,False,False
control_2429,control,returning,True,True,True,False,False
control_2430,control,returning,True,True,True,False,False
control_2431,control,returning,True,True,True,False,False
control_2432,control,new,True,True,True,False,False
control_2433,control,new,False,False,False,False,False
control_2434,control,returning,True,True,True,False,False
control_2435,control,returning,True,False,False,False,False
control_2436,control,new,True,True,True,False,False
control_2437,control,returning,True,False,False,False,False
control_2438,control,new,False,False,False,False,False
control_2439,control,returning,True,True,True,True,False
control_2440,control,returning,True,True,True,False,False
control_2441,control,new,False,False,False,False,False
control_2442,control,new,False,False,False,False,False
control_2443,control,new,False,False,False,False,False
control_2444,control,new,True,True,True,False,False
control_2445,control,new,True,True,True,True,False
control_2446,control,new,True,False,False,False,False
control_2447,control,new,True,True,True,True,False
control_2448,control,new,True,True,True,False,False
control_2449,control,new,False,False,False,False,False
control_2450,control,returning,True,True,True,True,False
control_2451,control,returning,True,False,False,False,False
control_2452,control,returning,True,True,True,False,False
control_2453,control,returning,True,True,True,False,False
control_2454,control,returning,True,True,True,False,False
control_2455,control,new,True,True,True,False,False
control_2456,control,returning,True,True,True,False,False
control_2457,control,new,True,True,True,False,False
control_2458,control,new,True,True,True,False,False
control_2459,control,new,True,True,True,False,False
control_2460,control,returning,True,False,False,False,False
control_2461,control,returning,True,True,True,False,False
control_2462,control,new,True,True,True,False,False
control_2463,control,new,True,True,True,False,False
control_2464,control,new,True,True,True,False,False
control_2465,control,returning,False,False,False,False,False
control_2466,control,returning,True,True,True,False,False
control_2467,control,new,True,True,True,True,False
control_2468,control,new,False,False,False,False,False
control_2469,control,new,False,False,False,False,False
control_2470,control,new,True,True,True,False,False
control_2471,control,returning,True,True,True,False,False
control_2472,control,returning,False,False,False,False,False
control_2473,control,new,True,False,False,False,False
control_2474,control,new,True,True,True,False,False
control_2475,control,new,True,True,True,False,False
control_2476,control,new,False,False,False,False,False
control_2477,control,new,True,True,True,False,False
control_2478,control,new,True,True,True,False,False
control_2479,control,returning,True,False,False,False,False
control_2480,control,new,False,False,False,False,False
control_2481,control,new,True,True,True,False,False
control_2482,control,new,False,False,False,False,False
control_2483,control,new,True,True,True,False,False
control_2484,control,returning,False,False,False,False,False
control_2485,control,new,False,False,False,False,False
control_2486,control,returning,True,True,True,False,False
control_2487,control,returning,True,True,True,False,False
control_2488,control,new,True,False,False,False,False
control_2489,control,returning,False,False,False,False,False
control_2490,control,returning,True,True,True,False,False
control_2491,control,new,True,True,True,False,False
control_2492,control,new,False,False,False,False,False
control_2493,control,returning,True,True,True,False,False
control_2494,control,returning,False,False,False,False,False
control_2495,control,new,True,False,False,False,False
control_2496,control,new,True,True,False,False,False
control_2497,control,new,True,True,True,False,False
control_2498,control,returning,True,True,True,False,False
control_2499,control,new,True,True,False,False,False
control_2500,control,new,False,False,False,False,False
control_2501,control,returning,True,True,False,False,False
control_2502,control,returning,True,True,True,False,False
control_2503,control,returning,False,False,False,False,False
control_2504,control,new,False,False,False,False,False
control_2505,control,new,True,True,True,False,False
control_2506,control,returning,False,False,False,False,False
control_2507,control,returning,True,True,True,False,False
control_2508,control,new,True,True,True,False,False
control_2509,control,returning,True,True,False,False,False
control_2510,control,new,False,False,False,False,False
control_2511,control,new,True,True,False,False,False
control_2512,control,new,True,True,True,False,False
control_2513,control,new,False,False,False,False,False
control_2514,control,new,True,False,False,False,False
control_2515,control,returning,True,True,True,False,False
control_2516,control,new,True,True,True,False,False
control_2517,control,new,True,True,True,False,False
control_2518,control,new,True,True,True,False,False
control_2519,control,new,True,False,False,False,False
control_2520,control,new,False,False,False,False,False
control_2521,control,new,True,True,True,True,False
control_2522,control,new,True,True,True,False,False
control_2523,control,returning,True,True,True,True,False
control_2524,control,returning,True,False,False,False,False
control_2525,control,new,False,False,False,False,False
control_2526,control,returning,True,False,False,False,False
control_2527,control,returning,True,True,True,False,False
control_2528,control,returning,True,True,True,False,False
control_2529,control,returning,True,True,True,True,False
control_2530,control,returning,True,True,True,False,False
control_2531,control,returning,False,False,False,False,False
control_2532,control,returning,True,True,True,True,False
control_2533,control,new,True,True,True,False,False
control_2534,control,returning,True,True,False,False,False
control_2535,control,new,True,True,True,True,False
control_2536,control,returning,True,True,True,False,False
control_2537,control,new,True,True,False,False,False
control_2538,control,new,True,True,False,False,False
control_2539,control,new,True,False,False,False,False
control_2540,control,new,False,False,False,False,False
control_2541,control,new,True,True,False,False,False
control_2542,control,new,False,False,False,False,False
control_2543,control,new,True,True,True,False,False
control_2544,control,new,True,True,True,False,False
control_2545,control,new,False,False,False,False,False
control_2546,control,returning,True,True,True,True,False
control_2547,control,new,True,True,True,False,False
control_2548,control,new,True,True,True,False,False
control_2549,control,new,True,True,True,False,False
control_2550,control,new,False,False,False,False,False
control_2551,control,new,True,True,True,False,False
control_2552,control,returning,False,False,False,False,False
control_2553,control,returning,True,True,True,False,False
control_2554,control,new,True,True,True,False,False
control_2555,control,returning,True,False,False,False,False
control_2556,control,new,False,False,False,False,False
control_2557,control,new,True,True,True,False,False
control_2558,control,new,False,False,False,False,False
control_2559,control,new,True,False,False,False,False
control_2560,control,returning,True,True,True,False,False
control_2561,control,returning,True,True,False,False,False
control_2562,control,returning,True,False,False,False,False
control_2563,control,new,False,False,False,False,False
control_2564,control,returning,True,True,True,False,False
control_2565,control,new,True,True,True,False,False
control_2566,control,new,True,True,True,False,False
control_2567,control,new,True,False,False,False,False
control_2568,control,returning,True,True,True,False,False
control_2569,control,returning,False,False,False,False,False
control_2570,control,new,True,True,False,False,False
control_2571,control,new,True,True,True,False,False
control_2572,control,returning,True,True,True,False,False
control_2573,control,returning,True,True,True,False,False
control_2574,control,new,True,False,False,False,False
control_2575,control,returning,True,True,True,False,False
control_2576,control,returning,True,True,True,False,False
control_2577,control,returning,False,False,False,False,False
control_2578,control,new,False,False,False,False,False
control_2579,control,returning,False,False,False,False,False
control_2580,control,new,False,False,False,False,False
control_2581,control,returning,True,True,True,False,False
control_2582,control,new,True,True,True,False,False
control_2583,control,new,True,True,True,False,False
control_2584,control,new,True,True,True,False,False
control_2585,control,new,True,True,True,False,False
control_2586,control,new,True,True,True,True,False
control_2587,control,new,False,False,False,False,False
control_2588,control,new,False,False,False,False,False
control_2589,control,new,True,True,True,True,False
control_2590,control,returning,True,True,False,False,False
control_2591,control,returning,True,False,False,False,False
control_2592,control,returning,True,True,True,False,False
control_2593,control,new,False,False,False,False,False
control_2594,control,new,False,False,False,False,False
control_2595,control,returning,True,True,True,True,False
control_2596,control,new,True,True,True,False,False
control_2597,control,new,True,True,True,False,False
control_2598,control,returning,True,True,True,True,False
control_2599,control,returning,True,False,False,False,False
control_2600,control,new,True,True,True,False,False
control_2601,control,returning,True,True,True,False,False
control_2602,control,new,True,False,False,False,False
control_2603,control,returning,True,True,False,False,False
control_2604,control,new,True,True,True,False,False
control_2605,control,new,True,True,True,True,False
control_2606,control,returning,False,False,False,False,False
control_2607,control,new,True,False,False,False,False
control_2608,control,returning,True,False,False,False,False
control_2609,control,new,True,True,False,False,False
control_2610,control,returning,True,True,True,False,False
control_2611,control,returning,True,True,True,False,False
control_2612,control,new,True,False,False,False,False
control_2613,control,returning,True,True,True,False,False
control_2614,control,new,False,False,False,False,False
control_2615,control,new,True,True,True,False,False
control_2616,control,new,True,True,True,True,False
control_2617,control,returning,False,False,False,False,False
control_2618,control,returning,True,False,False,False,False
control_2619,control,returning,True,True,True,False,False
control_2620,control,returning,False,False,False,False,False
control_2621,control,returning,True,True,True,False,False
control_2622,control,new,True,False,False,False,False
control_2623,control,returning,True,True,True,False,False
control_2624,control,new,True,True,False,False,False
control_2625,control,new,False,False,False,False,False
control_2626,control,new,True,True,True,False,False
control_2627,control,new,True,True,True,False,False
control_2628,control,new,True,False,False,False,False
control_2629,control,new,True,True,True,False,False
control_2630,control,new,True,True,True,False,False
control_2631,control,new,True,True,True,False,False
control_2632,control,returning,False,False,False,False,False
control_2633,control,returning,True,True,True,True,False
control_2634,control,new,False,False,False,False,False
control_2635,control,new,True,True,True,False,False
control_2636,control,new,True,False,False,False,False
control_2637,control,new,True,False,False,False,False
control_2638,control,returning,False,False,False,False,False
control_2639,control,new,True,True,True,False,False
control_2640,control,returning,True,True,True,True,False
control_2641,control,returning,False,False,False,False,False
control_2642,control,new,True,True,True,False,False
control_2643,control,returning,True,False,False,False,False
control_2644,control,new,True,True,True,False,False
control_2645,control,returning,True,True,False,False,False
control_2646,control,returning,True,True,True,False,False
control_2647,control,returning,True,False,False,False,False
control_2648,control,returning,False,False,False,False,False
control_2649,control,returning,True,True,True,False,False
control_2650,control,returning,True,True,True,False,False
control_2651,control,new,False,False,False,False,False
control_2652,control,returning,True,False,False,False,False
control_2653,control,returning,True,True,True,False,False
control_2654,control,new,True,True,True,False,False
control_2655,control,returning,True,True,True,False,False
control_2656,control,new,True,True,False,False,False
control_2657,control,new,False,False,False,False,False
control_2658,control,new,False,False,False,False,False
control_2659,control,new,True,True,True,False,False
control_2660,control,returning,True,True,True,False,False
control_2661,control,new,False,False,False,False,False
control_2662,control,new,True,False,False,False,False
control_2663,control,new,False,False,False,False,False
control_2664,control,new,True,True,True,False,False
control_2665,control,returning,True,True,True,False,False
control_2666,control,returning,False,False,False,False,False
control_2667,control,new,True,True,True,False,False
control_2668,control,new,True,True,True,False,False
control_2669,control,new,False,False,False,False,False
control_2670,control,returning,True,True,True,False,False
control_2671,control,new,True,True,True,False,False
control_2672,control,new,True,True,True,False,False
control_2673,control,new,True,True,True,False,False
control_2674,control,new,True,False,False,False,False
control_2675,control,new,True,True,True,True,False
control_2676,control,new,True,True,True,False,False
control_2677,control,returning,False,False,False,False,False
control_2678,control,returning,True,True,True,False,False
control_2679,control,new,True,True,True,False,False
control_2680,control,returning,True,True,True,False,False
control_2681,control,returning,False,False,False,False,False
control_2682,control,new,True,False,False,False,False
control_2683,control,new,False,False,False,False,False
control_2684,control,new,True,True,True,False,False
control_2685,control,returning,True,True,False,False,False
control_2686,control,new,False,False,False,False,False
control_2687,control,returning,False,False,False,False,False
control_2688,control,new,True,True,True,False,False
control_2689,control,new,True,False,False,False,False
control_2690,control,returning,True,False,False,False,False
control_2691,control,new,True,True,True,False,False
control_2692,control,returning,False,False,False,False,False
control_2693,control,returning,False,False,False,False,False
control_2694,control,returning,True,True,True,False,False
control_2695,control,new,True,True,True,False,False
control_2696,control,returning,True,True,True,False,False
control_2697,control,new,True,True,True,False,False
control_2698,control,new,True,False,False,False,False
control_2699,control,returning,True,False,False,False,False
control_2700,control,returning,True,True,False,False,False
control_2701,control,new,True,True,True,False,False
control_2702,control,new,False,False,False,False,False
control_2703,control,returning,True,True,True,False,False
control_2704,control,returning,True,True,True,True,False
control_2705,control,new,True,True,True,False,False
control_2706,control,returning,True,False,False,False,False
control_2707,control,new,True,True,True,False,False
control_2708,control,new,True,True,True,False,False
control_2709,control,returning,True,True,True,False,False
control_2710,control,returning,True,False,False,False,False
control_2711,control,new,False,False,False,False,False
control_2712,control,new,True,True,False,False,False
control_2713,control,new,True,True,True,False,False
control_2714,control,returning,True,True,True,False,False
control_2715,control,new,False,False,False,False,False
control_2716,control,new,True,True,True,False,False
control_2717,control,returning,False,False,False,False,False
control_2718,control,new,True,True,True,False,False
control_2719,control,new,True,True,True,True,False
control_2720,control,new,True,True,True,False,False
control_2721,control,returning,True,True,True,False,False
control_2722,control,new,True,True,True,False,False
control_2723,control,new,True,True,True,False,False
control_2724,control,new,True,False,False,False,False
control_2725,control,returning,True,False,False,False,False
control_2726,control,returning,True,True,True,False,False
control_2727,control,new,True,True,True,False,False
control_2728,control,new,False,False,False,False,False
control_2729,control,returning,True,False,False,False,False
control_2730,control,new,False,False,False,False,False
control_2731,control,new,True,True,True,True,False
control_2732,control,new,False,False,False,False,False
control_2733,control,new,False,False,False,False,False
control_2734,control,new,True,True,True,False,False
control_2735,control,new,False,False,False,False,False
control_2736,control,new,True,True,True,False,False
control_2737,control,new,True,True,True,False,False
control_2738,control,returning,False,False,False,False,False
control_2739,control,new,True,True,True,True,False
control_2740,control,new,True,False,False,False,False
control_2741,control,returning,True,True,True,True,False
control_2742,control,new,True,True,True,False,False
control_2743,control,returning,True,False,False,False,False
control_2744,control,new,True,True,False,False,False
control_2745,control,returning,True,True,True,False,False
control_2746,control,new,True,True,True,False,False
control_2747,control,new,True,False,False,False,False
control_2748,control,new,True,True,False,False,False
control_2749,control,new,True,True,True,False,False
control_2750,control,new,True,True,True,False,False
control_2751,control,returning,True,True,True,False,False
control_2752,control,returning,False,False,False,False,False
control_2753,control,new,False,False,False,False,False
control_2754,control,returning,True,True,False,False,False
control_2755,control,returning,True,True,True,False,False
control_2756,control,returning,False,False,False,False,False
control_2757,control,returning,False,False,False,False,False
control_2758,control,returning,True,False,False,False,False
control_2759,control,new,True,False,False,False,False
control_2760,control,returning,True,True,True,False,False
control_2761,control,returning,True,True,True,True,False
control_2762,control,new,False,False,False,False,False
control_2763,control,new,True,False,False,False,False
control_2764,control,new,True,True,True,False,False
control_2765,control,returning,True,True,True,False,False
control_2766,control,new,False,False,False,False,False
control_2767,control,returning,True,True,True,False,False
control_2768,control,returning,False,False,False,False,False
control_2769,control,returning,True,True,True,False,False
control_2770,control,new,True,True,True,False,False
control_2771,control,returning,True,True,True,False,False
control_2772,control,returning,True,True,True,False,False
control_2773,control,new,False,False,False,False,False
control_2774,control,returning,True,True,True,False,False
control_2775,control,new,True,True,True,False,False
control_2776,control,returning,True,False,False,False,False
control_2777,control,new,True,True,True,False,False
control_2778,control,new,True,True,False,False,False
control_2779,control,new,True,True,True,False,False
control_2780,control,new,True,True,True,False,False
control_2781,control,new,True,True,True,False,False
control_2782,control,returning,True,True,True,True,False
control_2783,control,new,True,True,True,True,False
control_2784,control,new,True,False,False,False,False
control_2785,control,returning,True,False,False,False,False
control_2786,control,returning,True,True,True,False,False
control_2787,control,new,True,True,True,True,False
control_2788,control,returning,False,False,False,False,False
control_2789,control,new,False,False,False,False,False
control_2790,control,returning,True,False,False,False,False
control_2791,control,new,True,False,False,False,False
control_2792,control,returning,True,True,True,False,False
control_2793,control,returning,True,False,False,False,False
control_2794,control,returning,True,True,True,False,False
control_2795,control,new,True,True,True,False,False
control_2796,control,returning,False,False,False,False,False
control_2797,control,new,True,True,True,False,False
control_2798,control,returning,True,False,False,False,False
control_2799,control,returning,True,False,False,False,False
control_2800,control,returning,True,True,True,False,False
control_2801,control,new,True,True,True,True,False
control_2802,control,new,True,True,True,True,False
control_2803,control,new,True,True,True,False,False
control_2804,control,new,False,False,False,False,False
control_2805,control,new,False,False,False,False,False
control_2806,control,new,True,True,True,False,False
control_2807,control,returning,False,False,False,False,False
control_2808,control,new,True,True,True,False,False
control_2809,control,new,False,False,False,False,False
control_2810,control,new,True,True,False,False,False
control_2811,control,returning,True,True,True,False,False
control_2812,control,returning,True,True,True,False,False
control_2813,control,new,True,True,True,True,False
control_2814,control,new,True,True,True,False,False
control_2815,control,new,True,True,True,False,False
control_2816,control,new,True,True,True,False,False
control_2817,control,new,True,True,False,False,False
control_2818,control,new,True,True,True,False,False
control_2819,control,returning,False,False,False,False,False
control_2820,control,new,True,False,False,False,False
control_2821,control,returning,False,False,False,False,False
control_2822,control,new,True,True,True,False,False
control_2823,control,returning,True,True,False,False,False
control_2824,control,returning,True,True,True,False,False
control_2825,control,returning,True,True,True,False,False
control_2826,control,new,True,True,True,False,False
control_2827,control,new,False,False,False,False,False
control_2828,control,returning,True,True,True,False,False
control_2829,control,returning,True,True,True,False,False
control_2830,control,new,True,True,True,False,False
control_2831,control,new,True,True,True,False,False
control_2832,control,new,True,True,True,False,False
control_2833,control,returning,False,False,False,False,False
control_2834,control,returning,True,True,True,False,False
control_2835,control,returning,True,True,True,False,False
control_2836,control,returning,True,True,True,True,False
control_2837,control,new,True,True,True,False,False
control_2838,control,new,False,False,False,False,False
control_2839,control,new,False,False,False,False,False
control_2840,control,returning,True,True,True,False,False
control_2841,control,new,False,False,False,False,False
control_2842,control,new,True,True,True,False,False
control_2843,control,new,True,False,False,False,False
control_2844,control,new,True,True,True,False,False
control_2845,control,new,True,False,False,False,False
control_2846,control,new,True,True,True,False,False
control_2847,control,new,True,True,True,False,False
control_2848,control,returning,True,True,True,False,False
control_2849,control,new,False,False,False,False,False
control_2850,control,new,False,False,False,False,False
control_2851,control,new,True,True,True,False,False
control_2852,control,returning,True,True,True,False,False
control_2853,control,new,True,True,True,False,False
control_2854,control,returning,True,False,False,False,False
control_2855,control,returning,True,True,True,False,False
control_2856,control,returning,True,True,True,False,False
control_2857,control,new,True,True,True,False,False
control_2858,control,returning,True,True,True,False,False
control_2859,control,new,True,True,True,False,False
control_2860,control,new,True,True,True,False,False
control_2861,control,new,False,False,False,False,False
control_2862,control,new,True,True,True,False,False
control_2863,control,new,True,True,True,False,False
control_2864,control,new,True,True,True,False,False
control_2865,control,new,True,True,True,True,False
control_2866,control,new,True,True,True,True,False
control_2867,control,new,True,True,True,False,False
control_2868,control,returning,True,True,True,True,False
control_2869,control,new,True,False,False,False,False
control_2870,control,returning,True,True,True,False,False
control_2871,control,new,True,True,False,False,False
control_2872,control,new,True,False,False,False,False
control_2873,control,new,True,True,True,False,False
control_2874,control,new,True,False,False,False,False
control_2875,control,new,True,True,True,False,False
control_2876,control,new,True,True,False,False,False
control_2877,control,new,True,True,True,True,False
control_2878,control,new,True,True,True,False,False
control_2879,control,new,True,True,True,False,False
control_2880,control,new,True,True,True,False,False
control_2881,control,new,True,False,False,False,False
control_2882,control,new,True,True,True,False,False
control_2883,control,new,False,False,False,False,False
control_2884,control,new,False,False,False,False,False
control_2885,control,new,False,False,False,False,False
control_2886,control,new,True,True,True,False,False
control_2887,control,returning,True,False,False,False,False
control_2888,control,new,True,True,True,False,False
control_2889,control,new,True,True,True,False,False
control_2890,control,new,True,True,False,False,False
control_2891,control,returning,True,True,True,False,False
control_2892,control,returning,True,False,False,False,False
control_2893,control,returning,True,True,True,True,False
control_2894,control,returning,True,True,True,False,False
control_2895,control,new,True,False,False,False,False
control_2896,control,returning,False,False,False,False,False
control_2897,control,new,True,True,True,False,False
control_2898,control,returning,True,True,True,False,False
control_2899,control,new,False,False,False,False,False
control_2900,control,new,True,True,True,False,False
control_2901,control,returning,True,True,True,False,False
control_2902,control,new,True,True,True,False,False
control_2903,control,returning,True,True,True,False,False
control_2904,control,new,True,True,True,False,False
control_2905,control,returning,False,False,False,False,False
control_2906,control,returning,True,True,True,True,False
control_2907,control,new,False,False,False,False,False
control_2908,control,returning,False,False,False,False,False
control_2909,control,new,True,False,False,False,False
control_2910,control,returning,True,True,True,True,False
control_2911,control,new,True,True,True,False,False
control_2912,control,new,True,True,True,False,False
control_2913,control,returning,True,True,True,False,False
control_2914,control,new,True,False,False,False,False
control_2915,control,new,False,False,False,False,False
control_2916,control,new,True,True,True,False,False
control_2917,control,returning,True,True,True,False,False
control_2918,control,new,True,False,False,False,False
control_2919,control,returning,True,True,True,False,False
control_2920,control,returning,False,False,False,False,False
control_2921,control,new,False,False,False,False,False
control_2922,control,new,True,True,True,False,False
control_2923,control,returning,True,True,True,False,False
control_2924,control,new,True,True,True,False,False
control_2925,control,new,True,True,True,False,False
control_2926,control,returning,True,True,True,False,False
control_2927,control,new,False,False,False,False,False
control_2928,control,new,True,False,False,False,False
control_2929,control,returning,False,False,False,False,False
control_2930,control,new,True,True,True,False,False
control_2931,control,new,True,True,True,False,False
control_2932,control,new,True,True,True,False,False
control_2933,control,returning,True,True,True,False,False
control_2934,control,returning,True,True,False,False,False
control_2935,control,new,True,True,True,False,False
control_2936,control,new,False,False,False,False,False
control_2937,control,new,True,True,True,False,False
control_2938,control,new,True,True,True,False,False
control_2939,control,new,True,False,False,False,False
control_2940,control,returning,True,True,True,False,False
control_2941,control,new,True,False,False,False,False
control_2942,control,returning,True,True,True,False,False
control_2943,control,new,True,True,True,False,False
control_2944,control,new,True,False,False,False,False
control_2945,control,new,False,False,False,False,False
control_2946,control,new,True,False,False,False,False
control_2947,control,returning,True,False,False,False,False
control_2948,control,returning,True,True,True,False,False
control_2949,control,returning,False,False,False,False,False
control_2950,control,new,True,True,True,False,False
control_2951,control,returning,False,False,False,False,False
control_2952,control,new,True,True,True,False,False
control_2953,control,returning,True,True,True,True,False
control_2954,control,new,True,False,False,False,False
control_2955,control,new,True,False,False,False,False
control_2956,control,new,True,False,False,False,False
control_2957,control,new,True,True,True,True,False
control_2958,control,new,True,True,True,False,False
control_2959,control,returning,False,False,False,False,False
control_2960,control,returning,True,True,True,True,False
control_2961,control,returning,True,True,True,True,False
control_2962,control,new,True,False,False,False,False
control_2963,control,new,True,True,False,False,False
control_2964,control,new,True,True,True,False,False
control_2965,control,new,True,True,True,False,False
control_2966,control,new,True,True,True,False,False
control_2967,control,new,True,False,False,False,False
control_2968,control,new,True,True,True,False,False
control_2969,control,new,True,True,False,False,False
control_2970,control,new,False,False,False,False,False
control_2971,control,returning,True,False,False,False,False
control_2972,control,new,True,False,False,False,False
control_2973,control,returning,False,False,False,False,False
control_2974,control,new,True,True,True,False,False
control_2975,control,returning,True,True,True,False,False
control_2976,control,returning,False,False,False,False,False
control_2977,control,returning,True,True,True,False,False
control_2978,control,returning,False,False,False,False,False
control_2979,control,returning,True,True,True,False,False
control_2980,control,returning,False,False,False,False,False
control_2981,control,new,False,False,False,False,False
control_2982,control,new,True,True,False,False,False
control_2983,control,returning,False,False,False,False,False
control_2984,control,new,True,True,True,False,False
control_2985,control,new,True,True,True,False,False
control_2986,control,new,True,True,True,True,False
control_2987,control,new,True,False,False,False,False
control_2988,control,new,True,True,True,False,False
control_2989,control,returning,True,False,False,False,False
control_2990,control,returning,True,True,False,False,False
control_2991,control,returning,True,True,True,False,False
control_2992,control,new,False,False,False,False,False
control_2993,control,new,True,True,True,False,False
control_2994,control,new,False,False,False,False,False
control_2995,control,new,False,False,False,False,False
control_2996,control,returning,True,True,True,False,False
control_2997,control,new,True,True,True,False,False
control_2998,control,returning,False,False,False,False,False
control_2999,control,new,True,False,False,False,False
control_3000,control,returning,True,False,False,False,False
control_3001,control,new,False,False,False,False,False
control_3002,control,new,True,False,False,False,False
control_3003,control,returning,True,False,False,False,False
control_3004,control,new,False,False,False,False,False
control_3005,control,returning,True,True,True,False,False
control_3006,control,new,False,False,False,False,False
control_3007,control,new,True,True,False,False,False
control_3008,control,new,True,True,True,True,False
control_3009,control,returning,True,False,False,False,False
control_3010,control,new,True,True,True,True,False
control_3011,control,returning,False,False,False,False,False
control_3012,control,returning,True,True,True,False,False
control_3013,control,returning,True,True,True,False,False
control_3014,control,new,True,False,False,False,False
control_3015,control,returning,False,False,False,False,False
control_3016,control,returning,True,True,True,False,False
control_3017,control,new,True,True,True,False,False
control_3018,control,new,True,True,True,False,False
control_3019,control,new,True,True,True,False,False
control_3020,control,new,False,False,False,False,False
control_3021,control,returning,False,False,False,False,False
control_3022,control,new,True,False,False,False,False
control_3023,control,new,True,True,True,False,False
control_3024,control,new,True,True,True,False,False
control_3025,control,new,True,True,True,False,False
control_3026,control,new,True,True,True,True,False
control_3027,control,returning,True,False,False,False,False
control_3028,control,returning,True,True,True,True,False
control_3029,control,new,False,False,False,False,False
control_3030,control,returning,True,True,True,False,False
control_3031,control,new,True,True,True,False,False
control_3032,control,new,True,False,False,False,False
control_3033,control,new,True,True,True,False,False
control_3034,control,returning,True,False,False,False,False
control_3035,control,returning,True,False,False,False,False
control_3036,control,returning,True,True,True,False,False
control_3037,control,new,True,True,True,True,False
control_3038,control,new,False,False,False,False,False
control_3039,control,returning,False,False,False,False,False
control_3040,control,new,True,False,False,False,False
control_3041,control,returning,True,True,True,False,False
control_3042,control,returning,True,True,True,False,False
control_3043,control,new,True,True,True,False,False
control_3044,control,returning,False,False,False,False,False
control_3045,control,returning,False,False,False,False,False
control_3046,control,new,True,False,False,False,False
control_3047,control,returning,True,True,True,False,False
control_3048,control,returning,True,True,True,False,False
control_3049,control,new,True,True,False,False,False
control_3050,control,returning,False,False,False,False,False
control_3051,control,new,True,True,True,True,False
control_3052,control,returning,True,False,False,False,False
control_3053,control,returning,True,True,True,False,False
control_3054,control,returning,True,True,True,True,False
control_3055,control,new,True,True,True,False,False
control_3056,control,returning,False,False,False,False,False
control_3057,control,new,True,True,True,False,False
control_3058,control,new,True,False,False,False,False
control_3059,control,new,True,True,True,False,False
control_3060,control,new,True,True,True,False,False
control_3061,control,new,True,True,False,False,False
control_3062,control,new,True,True,True,False,False
control_3063,control,returning,True,True,True,False,False
control_3064,control,new,True,True,True,False,False
control_3065,control,new,False,False,False,False,False
control_3066,control,new,True,False,False,False,False
control_3067,control,new,False,False,False,False,False
control_3068,control,returning,True,True,True,False,False
control_3069,control,new,True,True,True,False,False
control_3070,control,new,True,False,False,False,False
control_3071,control,returning,True,True,True,False,False
control_3072,control,returning,True,False,False,False,False
control_3073,control,returning,True,True,True,False,False
control_3074,control,returning,False,False,False,False,False
control_3075,control,returning,True,True,True,True,False
control_3076,control,new,True,True,True,False,False
control_3077,control,returning,False,False,False,False,False
control_3078,control,returning,True,True,True,True,False
control_3079,control,new,False,False,False,False,False
control_3080,control,new,False,False,False,False,False
control_3081,control,new,False,False,False,False,False
control_3082,control,returning,False,False,False,False,False
control_3083,control,returning,True,True,True,False,False
control_3084,control,returning,True,True,True,False,False
control_3085,control,new,False,False,False,False,False
control_3086,control,new,True,True,True,False,False
control_3087,control,new,True,True,True,False,False
control_3088,control,new,True,False,False,False,False
control_3089,control,returning,True,True,True,False,False
control_3090,control,returning,True,True,True,False,False
control_3091,control,returning,True,True,True,False,False
control_3092,control,returning,False,False,False,False,False
control_3093,control,returning,False,False,False,False,False
control_3094,control,new,True,True,True,False,False
control_3095,control,new,True,False,False,False,False
control_3096,control,new,True,True,True,False,False
control_3097,control,new,True,True,True,False,False
control_3098,control,new,True,True,True,True,False
control_3099,control,new,True,True,True,False,False
control_3100,control,returning,True,False,False,False,False
control_3101,control,new,True,True,True,False,False
control_3102,control,returning,True,True,True,False,False
control_3103,control,returning,True,True,True,False,False
control_3104,control,returning,True,False,False,False,False
control_3105,control,returning,True,True,True,True,False
control_3106,control,new,True,True,True,False,False
control_3107,control,returning,True,True,True,False,False
control_3108,control,new,True,True,True,False,False
control_3109,control,returning,True,True,True,False,False
control_3110,control,new,False,False,False,False,False
control_3111,control,new,True,True,True,False,False
control_3112,control,returning,True,True,False,False,False
control_3113,control,returning,True,True,False,False,False
control_3114,control,new,False,False,False,False,False
control_3115,control,returning,False,False,False,False,False
control_3116,control,new,True,True,True,False,False
control_3117,control,returning,True,True,False,False,False
control_3118,control,new,True,True,True,False,False
control_3119,control,new,True,True,True,False,False
control_3120,control,new,True,False,False,False,False
control_3121,control,new,True,True,True,False,False
control_3122,control,new,False,False,False,False,False
control_3123,control,new,False,False,False,False,False
control_3124,control,new,True,False,False,False,False
control_3125,control,new,False,False,False,False,False
control_3126,control,new,True,True,True,True,False
control_3127,control,new,True,True,True,False,False
control_3128,control,returning,False,False,False,False,False
control_3129,control,returning,True,True,True,False,False
control_3130,control,new,True,True,True,False,False
control_3131,control,returning,True,True,True,False,False
control_3132,control,new,True,True,True,False,False
control_3133,control,new,True,False,False,False,False
control_3134,control,returning,True,True,True,False,False
control_3135,control,returning,True,False,False,False,False
control_3136,control,returning,True,False,False,False,False
control_3137,control,new,True,False,False,False,False
control_3138,control,returning,True,True,True,True,False
control_3139,control,new,True,True,True,False,False
control_3140,control,new,True,True,True,False,False
control_3141,control,new,True,True,False,False,False
control_3142,control,returning,False,False,False,False,False
control_3143,control,new,True,True,True,False,False
control_3144,control,returning,False,False,False,False,False
control_3145,control,returning,True,True,True,False,False
control_3146,control,returning,True,True,False,False,False
control_3147,control,returning,False,False,False,False,False
control_3148,control,returning,True,True,True,False,False
control_3149,control,new,True,True,False,False,False
control_3150,control,new,True,True,True,False,False
control_3151,control,new,True,True,False,False,False
control_3152,control,new,False,False,False,False,False
control_3153,control,new,True,True,True,False,False
control_3154,control,new,False,False,False,False,False
control_3155,control,new,True,True,True,False,False
control_3156,control,new,False,False,False,False,False
control_3157,control,new,False,False,False,False,False
control_3158,control,returning,True,True,True,True,False
control_3159,control,new,True,True,True,False,False
control_3160,control,returning,True,True,True,False,False
control_3161,control,returning,True,True,True,False,False
control_3162,control,new,True,True,True,False,False
control_3163,control,returning,False,False,False,False,False
control_3164,control,returning,False,False,False,False,False
control_3165,control,returning,True,True,True,False,False
control_3166,control,new,True,True,True,False,False
control_3167,control,new,True,False,False,False,False
control_3168,control,new,True,True,True,False,False
control_3169,control,returning,True,True,True,False,False
control_3170,control,returning,True,True,True,False,False
control_3171,control,returning,True,True,True,False,False
control_3172,control,returning,True,False,False,False,False
control_3173,control,returning,True,False,False,False,False
control_3174,control,returning,True,True,True,False,False
control_3175,control,new,True,True,True,False,False
control_3176,control,returning,True,True,True,False,False
control_3177,control,new,False,False,False,False,False
control_3178,control,new,False,False,False,False,False
control_3179,control,new,True,True,True,False,False
control_3180,control,returning,True,True,True,False,False
control_3181,control,new,True,True,True,False,False
control_3182,control,new,True,True,True,False,False
control_3183,control,new,True,False,False,False,False
control_3184,control,new,True,True,False,False,False
control_3185,control,new,True,True,True,False,False
control_3186,control,returning,True,False,False,False,False
control_3187,control,returning,True,True,True,False,False
control_3188,control,new,True,True,True,False,False
control_3189,control,new,True,True,True,False,False
control_3190,control,new,True,True,True,False,False
control_3191,control,new,True,True,True,False,False
control_3192,control,new,True,True,True,False,False
control_3193,control,returning,True,True,True,False,False
control_3194,control,returning,False,False,False,False,False
control_3195,control,new,False,False,False,False,False
control_3196,control,new,True,True,False,False,False
control_3197,control,new,False,False,False,False,False
control_3198,control,new,True,True,True,False,False
control_3199,control,returning,True,True,True,False,False
control_3200,control,returning,True,True,True,False,False
control_3201,control,returning,True,True,True,False,False
control_3202,control,returning,True,True,True,False,False
control_3203,control,returning,False,False,False,False,False
control_3204,control,returning,True,True,True,False,False
control_3205,control,new,True,True,True,False,False
control_3206,control,new,True,True,True,True,False
control_3207,control,new,True,True,True,False,False
control_3208,control,new,True,False,False,False,False
control_3209,control,new,True,True,True,False,False
control_3210,control,new,True,True,True,False,False
control_3211,control,returning,False,False,False,False,False
control_3212,control,returning,True,True,True,False,False
control_3213,control,new,True,True,True,False,False
control_3214,control,new,False,False,False,False,False
control_3215,control,returning,True,True,True,False,False
control_3216,control,new,True,False,False,False,False
control_3217,control,new,True,True,True,False,False
control_3218,control,new,True,True,True,False,False
control_3219,control,new,True,True,True,False,False
control_3220,control,new,True,True,True,False,False
control_3221,control,returning,True,True,True,True,False
control_3222,control,returning,True,True,True,False,False
control_3223,control,returning,True,True,True,False,False
control_3224,control,new,True,True,True,False,False
control_3225,control,returning,True,True,True,False,False
control_3226,control,returning,True,True,True,True,False
control_3227,control,new,True,True,True,False,False
control_3228,control,returning,True,True,True,False,False
control_3229,control,new,False,False,False,False,False
control_3230,control,new,True,True,True,False,False
control_3231,control,new,True,False,False,False,False
control_3232,control,new,True,True,True,False,False
control_3233,control,new,True,False,False,False,False
control_3234,control,new,True,True,True,False,False
control_3235,control,new,False,False,False,False,False
control_3236,control,returning,True,True,True,False,False
control_3237,control,new,True,True,True,False,False
control_3238,control,new,True,True,True,False,False
control_3239,control,new,False,False,False,False,False
control_3240,control,returning,True,True,True,False,False
control_3241,control,new,True,True,True,False,False
control_3242,control,returning,True,True,True,False,False
control_3243,control,new,False,False,False,False,False
control_3244,control,new,True,False,False,False,False
control_3245,control,new,False,False,False,False,False
control_3246,control,new,False,False,False,False,False
control_3247,control,returning,True,True,True,False,False
control_3248,control,returning,False,False,False,False,False
control_3249,control,new,True,True,True,True,False
control_3250,control,returning,True,True,True,False,False
control_3251,control,new,True,True,True,False,False
control_3252,control,new,False,False,False,False,False
control_3253,control,new,True,True,True,False,False
control_3254,control,new,True,True,True,False,False
control_3255,control,returning,True,True,True,True,False
control_3256,control,new,True,True,True,False,False
control_3257,control,new,False,False,False,False,False
control_3258,control,new,True,True,True,False,False
control_3259,control,new,True,True,True,False,False
control_3260,control,new,False,False,False,False,False
control_3261,control,returning,False,False,False,False,False
control_3262,control,new,True,True,True,False,False
control_3263,control,new,True,True,True,False,False
control_3264,control,new,True,True,True,True,False
control_3265,control,new,True,True,True,False,False
control_3266,control,new,True,True,True,False,False
control_3267,control,returning,True,True,True,False,False
control_3268,control,returning,False,False,False,False,False
control_3269,control,new,True,True,True,True,False
control_3270,control,returning,False,False,False,False,False
control_3271,control,new,False,False,False,False,False
control_3272,control,returning,True,False,False,False,False
control_3273,control,returning,True,True,True,False,False
control_3274,control,returning,True,True,True,False,False
control_3275,control,returning,False,False,False,False,False
control_3276,control,new,True,True,True,True,False
control_3277,control,new,True,True,True,False,False
control_3278,control,new,True,True,True,False,False
control_3279,control,new,True,True,False,False,False
control_3280,control,returning,True,True,True,False,False
control_3281,control,new,True,True,True,False,False
control_3282,control,new,True,True,False,False,False
control_3283,control,new,True,True,True,False,False
control_3284,control,new,False,False,False,False,False
control_3285,control,returning,False,False,False,False,False
control_3286,control,returning,False,False,False,False,False
control_3287,control,new,True,False,False,False,False
control_3288,control,new,True,True,True,False,False
control_3289,control,new,True,True,True,True,False
control_3290,control,new,True,False,False,False,False
control_3291,control,returning,True,True,True,False,False
control_3292,control,new,False,False,False,False,False
control_3293,control,new,True,True,True,True,False
control_3294,control,new,True,True,False,False,False
control_3295,control,returning,False,False,False,False,False
control_3296,control,returning,True,True,True,False,False
control_3297,control,new,True,False,False,False,False
control_3298,control,new,False,False,False,False,False
control_3299,control,new,True,True,False,False,False
control_3300,control,returning,True,True,True,False,False
control_3301,control,new,True,False,False,False,False
control_3302,control,new,False,False,False,False,False
control_3303,control,returning,True,False,False,False,False
control_3304,control,returning,True,True,True,False,False
control_3305,control,new,True,True,True,False,False
control_3306,control,new,True,True,True,False,False
control_3307,control,new,False,False,False,False,False
control_3308,control,new,True,True,True,False,False
control_3309,control,new,True,True,True,False,False
control_3310,control,returning,True,True,True,True,False
control_3311,control,returning,True,True,True,False,False
control_3312,control,new,True,True,True,False,False
control_3313,control,returning,True,True,True,False,False
control_3314,control,new,True,True,True,False,False
control_3315,control,new,True,True,True,True,False
control_3316,control,returning,False,False,False,False,False
control_3317,control,new,False,False,False,False,False
control_3318,control,new,True,True,True,False,False
control_3319,control,new,True,True,True,False,False
control_3320,control,new,True,True,True,False,False
control_3321,control,new,True,True,True,False,False
control_3322,control,returning,True,True,True,False,False
control_3323,control,returning,False,False,False,False,False
control_3324,control,returning,True,True,False,False,False
control_3325,control,returning,True,True,True,True,False
control_3326,control,new,False,False,False,False,False
control_3327,control,returning,True,True,True,True,False
control_3328,control,new,True,False,False,False,False
control_3329,control,new,True,False,False,False,False
control_3330,control,returning,True,True,True,False,False
control_3331,control,new,False,False,False,False,False
control_3332,control,new,True,True,True,False,False
control_3333,control,new,True,True,True,False,False
control_3334,control,new,True,True,True,False,False
control_3335,control,new,False,False,False,False,False
control_3336,control,new,True,True,True,False,False
control_3337,control,returning,True,True,True,False,False
control_3338,control,new,True,True,True,False,False
control_3339,control,new,False,False,False,False,False
control_3340,control,new,True,True,True,False,False
control_3341,control,returning,True,True,False,False,False
control_3342,control,new,False,False,False,False,False
control_3343,control,new,True,True,True,False,False
control_3344,control,new,True,True,True,False,False
control_3345,control,returning,True,True,False,False,False
control_3346,control,returning,True,True,True,False,False
control_3347,control,new,True,True,True,True,False
control_3348,control,returning,True,True,True,False,False
control_3349,control,new,True,False,False,False,False
control_3350,control,new,True,True,True,False,False
control_3351,control,new,True,True,True,True,False
control_3352,control,new,False,False,False,False,False
control_3353,control,new,True,True,True,False,False
control_3354,control,new,True,True,True,False,False
control_3355,control,new,True,True,True,True,False
control_3356,control,new,True,True,True,False,False
control_3357,control,new,True,False,False,False,False
control_3358,control,returning,True,True,True,False,False
control_3359,control,returning,True,True,True,False,False
control_3360,control,new,True,False,False,False,False
control_3361,control,new,False,False,False,False,False
control_3362,control,new,False,False,False,False,False
control_3363,control,new,False,False,False,False,False
control_3364,control,new,True,True,True,True,False
control_3365,control,new,True,False,False,False,False
control_3366,control,returning,True,True,True,False,False
control_3367,control,returning,False,False,False,False,False
control_3368,control,new,False,False,False,False,False
control_3369,control,new,False,False,False,False,False
control_3370,control,returning,True,True,True,False,False
control_3371,control,new,False,False,False,False,False
control_3372,control,returning,True,True,False,False,False
control_3373,control,new,False,False,False,False,False
control_3374,control,new,True,True,True,False,False
control_3375,control,new,True,True,True,False,False
control_3376,control,new,True,False,False,False,False
control_3377,control,returning,False,False,False,False,False
control_3378,control,new,True,True,True,False,False
control_3379,control,returning,True,True,True,False,False
control_3380,control,new,True,True,True,True,False
control_3381,control,returning,True,True,True,False,False
control_3382,control,returning,False,False,False,False,False
control_3383,control,new,True,True,True,False,False
control_3384,control,new,True,True,True,True,False
control_3385,control,returning,False,False,False,False,False
control_3386,control,new,True,True,True,False,False
control_3387,control,returning,True,True,True,False,False
control_3388,control,new,True,True,True,False,False
control_3389,control,new,True,True,True,False,False
control_3390,control,new,True,True,True,False,False
control_3391,control,returning,True,True,True,True,False
control_3392,control,returning,True,True,True,False,False
control_3393,control,new,True,True,True,False,False
control_3394,control,returning,False,False,False,False,False
control_3395,control,returning,False,False,False,False,False
control_3396,control,new,True,False,False,False,False
control_3397,control,new,True,True,True,True,False
control_3398,control,returning,False,False,False,False,False
control_3399,control,returning,False,False,False,False,False
control_3400,control,new,True,True,True,False,False
control_3401,control,returning,True,True,True,False,False
control_3402,control,new,True,True,True,False,False
control_3403,control,returning,True,True,True,False,False
control_3404,control,returning,True,True,True,False,False
control_3405,control,returning,True,True,True,False,False
control_3406,control,new,False,False,False,False,False
control_3407,control,new,True,True,True,True,False
control_3408,control,new,True,True,True,False,False
control_3409,control,new,True,True,True,False,False
control_3410,control,returning,False,False,False,False,False
control_3411,control,new,True,True,True,True,False
control_3412,control,new,True,False,False,False,False
control_3413,control,new,True,True,True,False,False
control_3414,control,new,True,False,False,False,False
control_3415,control,new,False,False,False,False,False
control_3416,control,returning,True,True,True,False,False
control_3417,control,returning,False,False,False,False,False
control_3418,control,new,True,False,False,False,False
control_3419,control,returning,True,False,False,False,False
control_3420,control,returning,True,True,True,False,False
control_3421,control,new,True,True,True,False,False
control_3422,control,returning,True,True,True,False,False
control_3423,control,new,True,True,True,False,False
control_3424,control,new,True,True,True,False,False
control_3425,control,new,True,True,True,True,False
control_3426,control,new,False,False,False,False,False
control_3427,control,returning,True,True,True,False,False
control_3428,control,returning,True,True,True,False,False
control_3429,control,returning,False,False,False,False,False
control_3430,control,new,False,False,False,False,False
control_3431,control,new,True,True,True,False,False
control_3432,control,returning,True,True,False,False,False
control_3433,control,new,True,False,False,False,False
control_3434,control,new,True,True,True,False,False
control_3435,control,new,True,True,True,False,False
control_3436,control,new,True,True,True,False,False
control_3437,control,new,True,True,True,False,False
control_3438,control,new,True,True,False,False,False
control_3439,control,new,False,False,False,False,False
control_3440,control,new,False,False,False,False,False
control_3441,control,new,False,False,False,False,False
control_3442,control,new,True,True,True,False,False
control_3443,control,new,True,True,True,False,False
control_3444,control,returning,True,True,False,False,False
control_3445,control,new,True,True,True,False,False
control_3446,control,returning,True,True,True,False,False
control_3447,control,returning,True,True,True,False,False
control_3448,control,new,True,True,False,False,False
control_3449,control,returning,True,True,True,False,False
control_3450,control,returning,True,False,False,False,False
control_3451,control,new,True,False,False,False,False
control_3452,control,new,True,True,True,False,False
control_3453,control,new,True,True,True,True,False
control_3454,control,returning,False,False,False,False,False
control_3455,control,returning,True,True,False,False,False
control_3456,control,returning,True,True,True,False,False
control_3457,control,returning,False,False,False,False,False
control_3458,control,new,True,False,False,False,False
control_3459,control,returning,True,True,True,False,False
control_3460,control,new,True,True,True,True,False
control_3461,control,returning,True,True,True,False,False
control_3462,control,new,True,True,True,False,False
control_3463,control,new,False,False,False,False,False
control_3464,control,returning,False,False,False,False,False
control_3465,control,returning,True,True,True,False,False
control_3466,control,returning,True,True,True,False,False
control_3467,control,new,True,True,True,False,False
control_3468,control,new,False,False,False,False,False
control_3469,control,returning,True,True,True,False,False
control_3470,control,new,True,True,True,False,False
control_3471,control,new,False,False,False,False,False
control_3472,control,new,True,True,True,False,False
control_3473,control,new,True,True,True,True,False
control_3474,control,new,True,True,True,False,False
control_3475,control,new,True,True,True,False,False
control_3476,control,returning,True,True,True,False,False
control_3477,control,returning,True,False,False,False,False
control_3478,control,returning,True,True,True,False,False
control_3479,control,new,False,False,False,False,False
control_3480,control,new,True,True,True,False,False
control_3481,control,returning,False,False,False,False,False
control_3482,control,returning,True,True,True,False,False
control_3483,control,new,False,False,False,False,False
control_3484,control,returning,True,True,True,False,False
control_3485,control,returning,False,False,False,False,False
control_3486,control,returning,True,False,False,False,False
control_3487,control,returning,True,False,False,False,False
control_3488,control,new,True,True,True,True,False
control_3489,control,new,True,True,True,False,False
control_3490,control,new,False,False,False,False,False
control_3491,control,new,False,False,False,False,False
control_3492,control,returning,False,False,False,False,False
control_3493,control,returning,True,True,True,False,False
control_3494,control,new,False,False,False,False,False
control_3495,control,returning,True,True,True,False,False
control_3496,control,returning,True,True,True,True,False
control_3497,control,returning,True,False,False,False,False
control_3498,control,new,True,True,True,False,False
control_3499,control,returning,True,True,True,False,False
control_3500,control,new,True,True,True,False,False
control_3501,control,new,True,True,False,False,False
control_3502,control,new,True,True,True,False,False
control_3503,control,returning,True,True,False,False,False
control_3504,control,returning,True,False,False,False,False
control_3505,control,new,True,True,True,False,False
control_3506,control,new,False,False,False,False,False
control_3507,control,returning,False,False,False,False,False
control_3508,control,returning,True,False,False,False,False
control_3509,control,new,True,True,True,False,False
control_3510,control,returning,True,True,True,False,False
control_3511,control,returning,True,False,False,False,False
control_3512,control,returning,True,True,False,False,False
control_3513,control,returning,True,True,True,False,False
control_3514,control,returning,True,True,True,False,False
control_3515,control,returning,True,True,True,False,False
control_3516,control,returning,False,False,False,False,False
control_3517,control,new,True,True,True,True,False
control_3518,control,new,True,True,True,False,False
control_3519,control,returning,True,True,True,False,False
control_3520,control,new,True,True,True,False,False
control_3521,control,returning,True,True,True,False,False
control_3522,control,new,True,False,False,False,False
control_3523,control,new,True,True,True,False,False
control_3524,control,new,True,False,False,False,False
control_3525,control,new,True,True,True,False,False
control_3526,control,new,False,False,False,False,False
control_3527,control,new,False,False,False,False,False
control_3528,control,returning,True,True,True,False,False
control_3529,control,new,True,True,True,False,False
control_3530,control,new,True,True,False,False,False
control_3531,control,new,True,True,False,False,False
control_3532,control,new,True,True,True,False,False
control_3533,control,new,True,True,False,False,False
control_3534,control,returning,True,True,True,False,False
control_3535,control,returning,False,False,False,False,False
control_3536,control,new,True,True,True,False,False
control_3537,control,new,False,False,False,False,False
control_3538,control,new,True,True,True,True,False
control_3539,control,new,True,False,False,False,False
control_3540,control,returning,False,False,False,False,False
control_3541,control,new,True,True,True,False,False
control_3542,control,returning,True,True,True,False,False
control_3543,control,new,False,False,False,False,False
control_3544,control,new,True,True,True,True,False
control_3545,control,new,True,True,True,False,False
control_3546,control,new,True,True,True,False,False
control_3547,control,returning,True,True,True,False,False
control_3548,control,new,True,True,True,False,False
control_3549,control,returning,True,True,True,True,False
control_3550,control,returning,False,False,False,False,False
control_3551,control,new,True,False,False,False,False
control_3552,control,new,True,True,True,False,False
control_3553,control,new,True,True,True,True,False
control_3554,control,new,True,True,True,False,False
control_3555,control,returning,False,False,False,False,False
control_3556,control,new,True,True,True,True,False
control_3557,control,returning,True,False,False,False,False
control_3558,control,returning,False,False,False,False,False
control_3559,control,new,False,False,False,False,False
control_3560,control,returning,False,False,False,False,False
control_3561,control,new,True,True,False,False,False
control_3562,control,returning,True,True,True,True,False
control_3563,control,new,True,True,False,False,False
control_3564,control,returning,True,True,True,True,False
control_3565,control,returning,False,False,False,False,False
control_3566,control,returning,True,True,True,False,False
control_3567,control,new,True,True,True,True,False
control_3568,control,returning,False,False,False,False,False
control_3569,control,new,False,False,False,False,False
control_3570,control,returning,True,False,False,False,False
control_3571,control,new,False,False,False,False,False
control_3572,control,new,True,True,True,False,False
control_3573,control,new,True,False,False,False,False
control_3574,control,new,True,False,False,False,False
control_3575,control,new,False,False,False,False,False
control_3576,control,returning,False,False,False,False,False
control_3577,control,new,True,True,True,False,False
control_3578,control,returning,True,True,True,True,False
control_3579,control,new,True,True,True,False,False
control_3580,control,returning,True,True,True,False,False
control_3581,control,returning,False,False,False,False,False
control_3582,control,new,True,True,True,False,False
control_3583,control,returning,False,False,False,False,False
control_3584,control,returning,True,False,False,False,False
control_3585,control,returning,True,False,False,False,False
control_3586,control,new,True,True,True,True,False
control_3587,control,new,False,False,False,False,False
control_3588,control,returning,True,True,True,False,False
control_3589,control,new,True,True,True,False,False
control_3590,control,returning,True,True,True,True,False
control_3591,control,new,False,False,False,False,False
control_3592,control,returning,False,False,False,False,False
control_3593,control,new,False,False,False,False,False
control_3594,control,new,True,True,True,False,False
control_3595,control,returning,False,False,False,False,False
control_3596,control,returning,True,True,True,False,False
control_3597,control,returning,True,True,True,False,False
control_3598,control,returning,True,True,True,False,False
control_3599,control,new,True,True,True,False,False
control_3600,control,new,False,False,False,False,False
control_3601,control,new,False,False,False,False,False
control_3602,control,new,True,True,True,False,False
control_3603,control,new,True,False,False,False,False
control_3604,control,returning,False,False,False,False,False
control_3605,control,new,False,False,False,False,False
control_3606,control,new,False,False,False,False,False
control_3607,control,new,True,True,True,False,False
control_3608,control,new,True,True,True,False,False
control_3609,control,new,False,False,False,False,False
control_3610,control,returning,False,False,False,False,False
control_3611,control,new,True,True,True,False,False
control_3612,control,returning,True,True,True,False,False
control_3613,control,returning,True,True,True,False,False
control_3614,control,returning,True,False,False,False,False
control_3615,control,returning,False,False,False,False,False
control_3616,control,new,True,True,False,False,False
control_3617,control,new,True,True,True,False,False
control_3618,control,new,True,True,True,False,False
control_3619,control,returning,False,False,False,False,False
control_3620,control,returning,True,True,True,False,False
control_3621,control,new,True,True,True,False,False
control_3622,control,new,True,True,True,False,False
control_3623,control,returning,True,True,True,True,False
control_3624,control,returning,True,False,False,False,False
control_3625,control,new,True,True,True,True,False
control_3626,control,returning,False,False,False,False,False
control_3627,control,returning,False,False,False,False,False
control_3628,control,returning,True,True,True,False,False
control_3629,control,new,False,False,False,False,False
control_3630,control,new,True,True,True,False,False
control_3631,control,returning,True,True,True,False,False
control_3632,control,new,False,False,False,False,False
control_3633,control,new,True,True,True,True,False
control_3634,control,new,True,True,True,False,False
control_3635,control,new,True,True,False,False,False
control_3636,control,returning,True,True,True,False,False
control_3637,control,new,False,False,False,False,False
control_3638,control,returning,True,False,False,False,False
control_3639,control,new,True,False,False,False,False
control_3640,control,new,True,True,True,False,False
control_3641,control,new,False,False,False,False,False
control_3642,control,returning,True,True,True,False,False
control_3643,control,new,True,True,True,True,False
control_3644,control,new,True,True,True,True,False
control_3645,control,returning,True,True,True,False,False
control_3646,control,new,True,True,True,False,False
control_3647,control,new,True,True,True,False,False
control_3648,control,new,True,True,True,False,False
control_3649,control,returning,True,False,False,False,False
control_3650,control,new,False,False,False,False,False
control_3651,control,new,True,True,True,False,False
control_3652,control,new,True,True,True,False,False
control_3653,control,new,True,True,True,False,False
control_3654,control,new,True,True,True,False,False
control_3655,control,new,False,False,False,False,False
control_3656,control,new,False,False,False,False,False
control_3657,control,new,False,False,False,False,False
control_3658,control,returning,True,True,True,False,False
control_3659,control,new,True,False,False,False,False
control_3660,control,new,True,True,False,False,False
control_3661,control,returning,False,False,False,False,False
control_3662,control,returning,True,True,False,False,False
control_3663,control,returning,False,False,False,False,False
control_3664,control,new,True,True,True,False,False
control_3665,control,new,True,True,True,False,False
control_3666,control,new,False,False,False,False,False
control_3667,control,new,True,False,False,False,False
control_3668,control,new,True,True,True,False,False
control_3669,control,new,True,True,True,True,False
control_3670,control,new,False,False,False,False,False
control_3671,control,returning,True,True,True,False,False
control_3672,control,new,False,False,False,False,False
control_3673,control,new,True,True,True,False,False
control_3674,control,returning,True,True,True,False,False
control_3675,control,returning,True,True,True,True,False
control_3676,control,new,True,True,True,False,False
control_3677,control,new,False,False,False,False,False
control_3678,control,new,False,False,False,False,False
control_3679,control,new,False,False,False,False,False
control_3680,control,returning,False,False,False,False,False
control_3681,control,new,True,True,True,False,False
control_3682,control,new,True,False,False,False,False
control_3683,control,new,False,False,False,False,False
control_3684,control,new,True,False,False,False,False
control_3685,control,new,False,False,False,False,False
control_3686,control,new,True,True,False,False,False
control_3687,control,returning,True,True,True,False,False
control_3688,control,returning,True,True,True,True,False
control_3689,control,new,True,True,False,False,False
control_3690,control,new,True,True,True,False,False
control_3691,control,returning,True,True,True,False,False
control_3692,control,new,True,True,True,False,False
control_3693,control,new,True,True,True,False,False
control_3694,control,returning,True,True,True,False,False
control_3695,control,new,True,False,False,False,False
control_3696,control,new,True,True,False,False,False
control_3697,control,new,False,False,False,False,False
control_3698,control,new,True,False,False,False,False
control_3699,control,new,True,False,False,False,False
control_3700,control,returning,True,True,False,False,False
control_3701,control,new,True,True,False,False,False
control_3702,control,new,True,True,True,False,False
control_3703,control,returning,True,True,True,True,False
control_3704,control,new,True,True,True,False,False
control_3705,control,new,True,True,True,False,False
control_3706,control,new,True,True,True,False,False
control_3707,control,returning,True,True,False,False,False
control_3708,control,new,True,True,True,False,False
control_3709,control,returning,True,True,True,False,False
control_3710,control,returning,True,True,False,False,False
control_3711,control,returning,False,False,False,False,False
control_3712,control,returning,True,True,True,False,False
control_3713,control,returning,True,True,True,False,False
control_3714,control,returning,True,False,False,False,False
control_3715,control,returning,True,False,False,False,False
control_3716,control,returning,True,True,True,False,False
control_3717,control,returning,False,False,False,False,False
control_3718,control,returning,False,False,False,False,False
control_3719,control,new,True,False,False,False,False
control_3720,control,returning,True,True,True,False,False
control_3721,control,new,False,False,False,False,False
control_3722,control,returning,True,True,True,False,False
control_3723,control,new,True,True,True,False,False
control_3724,control,returning,False,False,False,False,False
control_3725,control,returning,True,True,True,False,False
control_3726,control,returning,True,True,True,False,False
control_3727,control,new,True,True,True,False,False
control_3728,control,returning,True,True,False,False,False
control_3729,control,returning,True,True,False,False,False
control_3730,control,returning,True,False,False,False,False
control_3731,control,returning,True,True,True,False,False
control_3732,control,new,True,False,False,False,False
control_3733,control,new,True,True,True,False,False
control_3734,control,new,False,False,False,False,False
control_3735,control,returning,True,False,False,False,False
control_3736,control,new,True,False,False,False,False
control_3737,control,returning,True,False,False,False,False
control_3738,control,returning,True,True,True,False,False
control_3739,control,new,True,True,True,False,False
control_3740,control,new,True,True,True,False,False
control_3741,control,new,True,True,True,False,False
control_3742,control,returning,False,False,False,False,False
control_3743,control,new,False,False,False,False,False
control_3744,control,new,False,False,False,False,False
control_3745,control,returning,True,False,False,False,False
control_3746,control,new,True,True,True,False,False
control_3747,control,returning,True,True,True,False,False
control_3748,control,new,True,True,True,False,False
control_3749,control,new,False,False,False,False,False
control_3750,control,new,False,False,False,False,False
control_3751,control,new,True,True,True,False,False
control_3752,control,new,False,False,False,False,False
control_3753,control,returning,False,False,False,False,False
control_3754,control,new,True,True,True,False,False
control_3755,control,new,False,False,False,False,False
control_3756,control,new,True,False,False,False,False
control_3757,control,new,True,True,True,False,False
control_3758,control,returning,True,True,True,False,False
control_3759,control,new,True,True,True,False,False
control_3760,control,returning,True,True,True,False,False
control_3761,control,new,False,False,False,False,False
control_3762,control,new,True,True,True,False,False
control_3763,control,new,True,True,True,False,False
control_3764,control,new,True,False,False,False,False
control_3765,control,returning,True,True,True,False,False
control_3766,control,new,True,True,True,False,False
control_3767,control,new,True,True,True,False,False
control_3768,control,returning,False,False,False,False,False
control_3769,control,returning,True,True,True,True,False
control_3770,control,returning,True,True,False,False,False
control_3771,control,returning,True,True,True,True,False
control_3772,control,returning,True,True,True,False,False
control_3773,control,returning,False,False,False,False,False
control_3774,control,returning,True,True,True,True,False
control_3775,control,new,True,True,True,True,True
control_3776,control,returning,True,True,True,False,False
control_3777,control,new,False,False,False,False,False
control_3778,control,returning,True,True,True,True,False
control_3779,control,returning,True,False,False,False,False
control_3780,control,new,False,False,False,False,False
control_3781,control,returning,True,True,True,False,False
control_3782,control,returning,True,True,True,False,False
control_3783,control,new,True,True,True,False,False
control_3784,control,new,True,True,True,True,False
control_3785,control,returning,False,False,False,False,False
control_3786,control,returning,True,True,False,False,False
control_3787,control,new,False,False,False,False,False
control_3788,control,new,True,True,True,False,False
control_3789,control,returning,True,True,True,False,False
control_3790,control,new,True,True,True,True,False
control_3791,control,new,True,True,True,False,False
control_3792,control,new,True,True,False,False,False
control_3793,control,new,True,True,True,True,True
control_3794,control,new,True,True,True,False,False
control_3795,control,returning,True,True,True,False,False
control_3796,control,returning,True,True,True,False,False
control_3797,control,returning,False,False,False,False,False
control_3798,control,new,True,True,True,False,False
control_3799,control,new,True,True,False,False,False
control_3800,control,new,True,True,True,False,False
control_3801,control,new,False,False,False,False,False
control_3802,control,new,True,True,True,False,False
control_3803,control,new,True,True,False,False,False
control_3804,control,new,True,True,True,True,False
control_3805,control,new,True,True,True,False,False
control_3806,control,returning,False,False,False,False,False
control_3807,control,returning,True,True,True,False,False
control_3808,control,returning,False,False,False,False,False
control_3809,control,returning,True,False,False,False,False
control_3810,control,new,True,False,False,False,False
control_3811,control,new,True,True,True,False,False
control_3812,control,new,True,False,False,False,False
control_3813,control,new,True,False,False,False,False
control_3814,control,new,True,True,True,False,False
control_3815,control,new,True,True,True,False,False
control_3816,control,new,True,True,True,False,False
control_3817,control,new,True,True,True,False,False
control_3818,control,returning,False,False,False,False,False
control_3819,control,returning,True,True,True,False,False
control_3820,control,returning,True,True,True,False,False
control_3821,control,returning,True,True,True,True,False
control_3822,control,new,True,True,True,True,False
control_3823,control,new,True,True,True,False,False
control_3824,control,returning,False,False,False,False,False
control_3825,control,new,True,True,True,False,False
control_3826,control,new,False,False,False,False,False
control_3827,control,new,True,True,True,False,False
control_3828,control,returning,False,False,False,False,False
control_3829,control,returning,True,True,True,False,False
control_3830,control,new,False,False,False,False,False
control_3831,control,returning,True,True,True,False,False
control_3832,control,new,True,True,False,False,False
control_3833,control,new,True,True,True,False,False
control_3834,control,new,True,True,True,False,False
control_3835,control,new,True,False,False,False,False
control_3836,control,returning,True,True,True,False,False
control_3837,control,new,True,False,False,False,False
control_3838,control,returning,True,True,False,False,False
control_3839,control,new,True,True,True,False,False
control_3840,control,returning,False,False,False,False,False
control_3841,control,returning,True,False,False,False,False
control_3842,control,returning,True,True,True,False,False
control_3843,control,returning,True,True,True,False,False
control_3844,control,returning,True,True,False,False,False
control_3845,control,new,True,True,True,False,False
control_3846,control,returning,True,True,True,False,False
control_3847,control,returning,True,True,True,False,False
control_3848,control,new,True,True,False,False,False
control_3849,control,new,True,True,False,False,False
control_3850,control,new,True,True,True,False,False
control_3851,control,new,False,False,False,False,False
control_3852,control,new,True,True,True,False,False
control_3853,control,new,True,False,False,False,False
control_3854,control,returning,True,True,False,False,False
control_3855,control,new,False,False,False,False,False
control_3856,control,returning,True,True,True,False,False
control_3857,control,new,True,True,True,False,False
control_3858,control,returning,False,False,False,False,False
control_3859,control,new,True,True,False,False,False
control_3860,control,new,True,False,False,False,False
control_3861,control,new,True,False,False,False,False
control_3862,control,returning,True,False,False,False,False
control_3863,control,new,True,False,False,False,False
control_3864,control,returning,True,True,True,False,False
control_3865,control,new,True,True,True,False,False
control_3866,control,new,True,True,True,False,False
control_3867,control,new,True,True,True,False,False
control_3868,control,returning,True,True,True,False,False
control_3869,control,new,True,True,False,False,False
control_3870,control,new,True,True,True,False,False
control_3871,control,new,True,True,False,False,False
control_3872,control,new,True,True,True,False,False
control_3873,control,new,True,True,True,False,False
control_3874,control,returning,True,True,False,False,False
control_3875,control,new,True,True,True,False,False
control_3876,control,new,True,True,True,False,False
control_3877,control,returning,False,False,False,False,False
control_3878,control,new,False,False,False,False,False
control_3879,control,new,False,False,False,False,False
control_3880,control,returning,True,True,True,True,False
control_3881,control,returning,True,False,False,False,False
control_3882,control,returning,True,True,True,True,False
control_3883,control,new,True,False,False,False,False
control_3884,control,returning,True,True,True,False,False
control_3885,control,new,True,True,True,True,False
control_3886,control,returning,True,False,False,False,False
control_3887,control,returning,True,True,True,False,False
control_3888,control,returning,True,True,False,False,False
control_3889,control,new,True,True,True,True,False
control_3890,control,new,True,True,True,False,False
control_3891,control,returning,False,False,False,False,False
control_3892,control,new,True,True,True,False,False
control_3893,control,new,True,True,True,False,False
control_3894,control,returning,True,True,True,False,False
control_3895,control,returning,True,True,True,False,False
control_3896,control,new,True,True,True,False,False
control_3897,control,new,True,True,True,False,False
control_3898,control,new,False,False,False,False,False
control_3899,control,new,True,False,False,False,False
control_3900,control,new,True,True,True,False,False
control_3901,control,returning,True,True,True,False,False
control_3902,control,returning,False,False,False,False,False
control_3903,control,new,True,True,False,False,False
control_3904,control,new,False,False,False,False,False
control_3905,control,returning,True,True,True,False,False
control_3906,control,returning,True,True,True,False,False
control_3907,control,returning,False,False,False,False,False
control_3908,control,new,True,True,True,False,False
control_3909,control,returning,True,True,True,False,False
control_3910,control,new,False,False,False,False,False
control_3911,control,new,True,False,False,False,False
control_3912,control,returning,True,False,False,False,False
control_3913,control,new,False,False,False,False,False
control_3914,control,new,False,False,False,False,False
control_3915,control,new,False,False,False,False,False
control_3916,control,new,False,False,False,False,False
control_3917,control,new,True,True,True,False,False
control_3918,control,returning,False,False,False,False,False
control_3919,control,new,True,True,True,False,False
control_3920,control,new,True,True,True,True,False
control_3921,control,returning,True,True,True,False,False
control_3922,control,new,False,False,False,False,False
control_3923,control,returning,True,True,True,False,False
control_3924,control,new,False,False,False,False,False
control_3925,control,new,True,True,True,False,False
control_3926,control,new,True,True,True,False,False
control_3927,control,returning,True,True,True,False,False
control_3928,control,new,True,True,True,False,False
control_3929,control,returning,True,False,False,False,False
control_3930,control,new,True,True,True,False,False
control_3931,control,new,True,True,True,False,False
control_3932,control,new,True,True,True,True,False
control_3933,control,new,True,True,False,False,False
control_3934,control,new,True,False,False,False,False
control_3935,control,new,True,True,True,False,False
control_3936,control,new,True,False,False,False,False
control_3937,control,returning,True,False,False,False,False
control_3938,control,new,True,True,True,False,False
control_3939,control,new,True,True,True,False,False
control_3940,control,new,True,True,True,False,False
control_3941,control,new,True,True,True,False,False
control_3942,control,new,True,True,True,True,False
control_3943,control,returning,True,True,True,False,False
control_3944,control,new,True,True,True,True,False
control_3945,control,returning,True,True,True,False,False
control_3946,control,new,False,False,False,False,False
control_3947,control,new,True,True,True,True,False
control_3948,control,returning,True,True,True,False,False
control_3949,control,new,False,False,False,False,False
control_3950,control,new,True,False,False,False,False
control_3951,control,returning,True,True,True,False,False
control_3952,control,returning,False,False,False,False,False
control_3953,control,returning,True,False,False,False,False
control_3954,control,new,False,False,False,False,False
control_3955,control,new,True,True,True,False,False
control_3956,control,returning,True,True,True,True,False
control_3957,control,returning,True,True,True,False,False
control_3958,control,new,True,True,True,True,False
control_3959,control,new,False,False,False,False,False
control_3960,control,new,True,True,True,False,False
control_3961,control,new,True,True,True,True,False
control_3962,control,returning,True,True,True,False,False
control_3963,control,new,True,True,False,False,False
control_3964,control,new,True,True,True,False,False
control_3965,control,new,False,False,False,False,False
control_3966,control,new,True,True,True,False,False
control_3967,control,new,False,False,False,False,False
control_3968,control,new,True,True,True,False,False
control_3969,control,new,True,True,True,False,False
control_3970,control,returning,True,True,True,False,False
control_3971,control,new,True,True,True,False,False
control_3972,control,new,True,False,False,False,False
control_3973,control,new,True,True,True,False,False
control_3974,control,new,False,False,False,False,False
control_3975,control,new,False,False,False,False,False
control_3976,control,new,False,False,False,False,False
control_3977,control,new,False,False,False,False,False
control_3978,control,new,False,False,False,False,False
control_3979,control,returning,True,False,False,False,False
control_3980,control,new,True,True,True,True,False
control_3981,control,new,False,False,False,False,False
control_3982,control,new,False,False,False,False,False
control_3983,control,new,False,False,False,False,False
control_3984,control,new,False,False,False,False,False
control_3985,control,new,True,True,True,False,False
control_3986,control,new,False,False,False,False,False
control_3987,control,new,False,False,False,False,False
control_3988,control,returning,True,False,False,False,False
control_3989,control,returning,False,False,False,False,False
control_3990,control,returning,True,False,False,False,False
control_3991,control,new,False,False,False,False,False
control_3992,control,new,True,False,False,False,False
control_3993,control,new,False,False,False,False,False
control_3994,control,new,True,True,True,False,False
control_3995,control,new,True,False,False,False,False
control_3996,control,new,True,True,False,False,False
control_3997,control,new,True,True,True,False,False
control_3998,control,new,True,False,False,False,False
control_3999,control,new,False,False,False,False,False
variant_0,variant,returning,True,True,True,False,False
variant_1,variant,new,False,False,False,False,False
variant_2,variant,new,True,True,True,True,False
variant_3,variant,new,True,False,False,False,False
variant_4,variant,new,False,False,False,False,False
variant_5,variant,new,False,False,False,False,False
variant_6,variant,new,True,False,False,False,False
variant_7,variant,returning,True,True,True,False,False
variant_8,variant,new,True,True,True,False,False
variant_9,variant,returning,True,True,True,True,False
variant_10,variant,returning,True,True,True,False,False
variant_11,variant,new,True,True,True,False,False
variant_12,variant,returning,True,True,True,False,False
variant_13,variant,new,True,True,True,True,False
variant_14,variant,returning,False,False,False,False,False
variant_15,variant,returning,False,False,False,False,False
variant_16,variant,returning,True,True,True,False,False
variant_17,variant,new,True,True,True,True,False
variant_18,variant,new,True,False,False,False,False
variant_19,variant,new,True,False,False,False,False
variant_20,variant,returning,False,False,False,False,False
variant_21,variant,new,True,True,True,False,False
variant_22,variant,new,True,False,False,False,False
variant_23,variant,new,True,True,True,True,False
variant_24,variant,new,True,True,True,False,False
variant_25,variant,new,True,True,True,True,False
variant_26,variant,new,True,True,True,False,False
variant_27,variant,new,True,True,True,False,False
variant_28,variant,new,True,True,True,False,False
variant_29,variant,new,False,False,False,False,False
variant_30,variant,new,True,True,True,True,False
variant_31,variant,new,True,True,True,False,False
variant_32,variant,returning,True,True,True,False,False
variant_33,variant,new,False,False,False,False,False
variant_34,variant,new,True,True,True,False,False
variant_35,variant,new,True,True,True,True,False
variant_36,variant,new,True,True,True,False,False
variant_37,variant,returning,True,True,False,False,False
variant_38,variant,returning,False,False,False,False,False
variant_39,variant,new,True,False,False,False,False
variant_40,variant,new,True,True,True,True,False
variant_41,variant,new,False,False,False,False,False
variant_42,variant,returning,True,False,False,False,False
variant_43,variant,new,True,False,False,False,False
variant_44,variant,returning,True,False,False,False,False
variant_45,variant,new,True,True,False,False,False
variant_46,variant,returning,False,False,False,False,False
variant_47,variant,new,True,True,True,False,False
variant_48,variant,new,True,True,True,False,False
variant_49,variant,new,False,False,False,False,False
variant_50,variant,new,True,False,False,False,False
variant_51,variant,returning,True,True,True,False,False
variant_52,variant,new,True,True,True,False,False
variant_53,variant,new,True,False,False,False,False
variant_54,variant,returning,True,True,True,False,False
variant_55,variant,new,True,True,True,False,False
variant_56,variant,new,True,True,True,False,False
variant_57,variant,new,True,True,True,False,False
variant_58,variant,new,True,True,True,False,False
variant_59,variant,returning,True,True,True,True,False
variant_60,variant,new,True,True,True,False,False
variant_61,variant,returning,True,True,False,False,False
variant_62,variant,new,True,True,False,False,False
variant_63,variant,new,True,True,True,False,False
variant_64,variant,returning,False,False,False,False,False
variant_65,variant,returning,False,False,False,False,False
variant_66,variant,new,True,True,True,False,False
variant_67,variant,new,False,False,False,False,False
variant_68,variant,new,True,True,False,False,False
variant_69,variant,returning,False,False,False,False,False
variant_70,variant,new,False,False,False,False,False
variant_71,variant,new,True,False,False,False,False
variant_72,variant,new,True,False,False,False,False
variant_73,variant,returning,True,True,True,True,False
variant_74,variant,new,True,True,True,False,False
variant_75,variant,returning,True,True,True,False,False
variant_76,variant,returning,True,True,True,True,False
variant_77,variant,new,True,True,True,False,False
variant_78,variant,new,False,False,False,False,False
variant_79,variant,new,False,False,False,False,False
variant_80,variant,new,True,True,True,False,False
variant_81,variant,returning,True,False,False,False,False
variant_82,variant,new,False,False,False,False,False
variant_83,variant,new,True,False,False,False,False
variant_84,variant,new,False,False,False,False,False
variant_85,variant,returning,True,True,True,True,False
variant_86,variant,new,True,True,True,False,False
variant_87,variant,returning,True,True,True,False,False
variant_88,variant,new,True,True,True,True,False
variant_89,variant,new,True,True,True,False,False
variant_90,variant,new,False,False,False,False,False
variant_91,variant,returning,True,True,True,True,False
variant_92,variant,returning,True,False,False,False,False
variant_93,variant,new,True,True,False,False,False
variant_94,variant,new,True,True,True,False,False
variant_95,variant,returning,True,True,True,False,False
variant_96,variant,returning,True,True,True,False,False
variant_97,variant,new,True,True,True,False,False
variant_98,variant,returning,False,False,False,False,False
variant_99,variant,returning,False,False,False,False,False
variant_100,variant,new,True,True,True,False,False
variant_101,variant,new,True,True,True,False,False
variant_102,variant,new,False,False,False,False,False
variant_103,variant,new,True,True,True,True,False
variant_104,variant,returning,True,True,True,True,False
variant_105,variant,new,True,True,True,True,False
variant_106,variant,new,True,True,True,False,False
variant_107,variant,new,True,True,True,False,False
variant_108,variant,returning,True,True,True,False,False
variant_109,variant,new,True,True,True,False,False
variant_110,variant,new,True,True,True,False,False
variant_111,variant,new,True,False,False,False,False
variant_112,variant,returning,True,True,True,False,False
variant_113,variant,new,True,True,True,False,False
variant_114,variant,new,True,True,True,False,False
variant_115,variant,returning,True,False,False,False,False
variant_116,variant,new,True,True,True,True,False
variant_117,variant,returning,True,False,False,False,False
variant_118,variant,new,True,False,False,False,False
variant_119,variant,returning,True,True,False,False,False
variant_120,variant,new,False,False,False,False,False
variant_121,variant,new,True,True,True,True,False
variant_122,variant,new,True,False,False,False,False
variant_123,variant,returning,True,False,False,False,False
variant_124,variant,returning,True,False,False,False,False
variant_125,variant,new,False,False,False,False,False
variant_126,variant,new,False,False,False,False,False
variant_127,variant,new,True,True,True,False,False
variant_128,variant,new,True,True,True,True,False
variant_129,variant,new,True,True,True,False,False
variant_130,variant,returning,True,True,True,True,True
variant_131,variant,new,True,True,True,False,False
variant_132,variant,returning,False,False,False,False,False
variant_133,variant,new,True,True,True,False,False
variant_134,variant,returning,False,False,False,False,False
variant_135,variant,new,False,False,False,False,False
variant_136,variant,new,True,True,True,False,False
variant_137,variant,returning,True,True,True,False,False
variant_138,variant,new,True,True,True,True,False
variant_139,variant,returning,False,False,False,False,False
variant_140,variant,returning,True,True,True,False,False
variant_141,variant,returning,True,True,True,False,False
variant_142,variant,returning,True,True,True,False,False
variant_143,variant,new,True,True,True,False,False
variant_144,variant,new,True,True,True,True,False
variant_145,variant,returning,False,False,False,False,False
variant_146,variant,new,True,False,False,False,False
variant_147,variant,new,True,True,True,False,False
variant_148,variant,new,True,True,True,False,False
variant_149,variant,returning,True,False,False,False,False
variant_150,variant,new,True,True,True,True,False
variant_151,variant,new,True,True,True,False,False
variant_152,variant,returning,False,False,False,False,False
variant_153,variant,returning,True,True,True,False,False
variant_154,variant,new,True,True,True,True,False
variant_155,variant,new,False,False,False,False,False
variant_156,variant,returning,True,True,True,False,False
variant_157,variant,new,False,False,False,False,False
variant_158,variant,returning,True,False,False,False,False
variant_159,variant,returning,True,True,True,False,False
variant_160,variant,new,True,False,False,False,False
variant_161,variant,new,True,True,False,False,False
variant_162,variant,new,False,False,False,False,False
variant_163,variant,new,False,False,False,False,False
variant_164,variant,new,True,True,False,False,False
variant_165,variant,new,True,True,True,False,False
variant_166,variant,returning,True,True,True,True,False
variant_167,variant,returning,True,True,True,False,False
variant_168,variant,new,True,True,True,False,False
variant_169,variant,new,True,True,True,True,False
variant_170,variant,new,True,True,True,False,False
variant_171,variant,new,True,True,True,True,False
variant_172,variant,new,True,True,True,False,False
variant_173,variant,new,True,True,True,False,False
variant_174,variant,new,True,True,True,False,False
variant_175,variant,new,True,True,True,False,False
variant_176,variant,new,True,False,False,False,False
variant_177,variant,returning,True,True,True,True,False
variant_178,variant,returning,True,True,True,False,False
variant_179,variant,returning,False,False,False,False,False
variant_180,variant,returning,True,True,True,False,False
variant_181,variant,new,True,True,False,False,False
variant_182,variant,new,True,True,True,False,False
variant_183,variant,returning,False,False,False,False,False
variant_184,variant,new,True,True,True,True,False
variant_185,variant,new,True,False,False,False,False
variant_186,variant,returning,True,True,False,False,False
variant_187,variant,returning,True,True,True,True,False
variant_188,variant,returning,False,False,False,False,False
variant_189,variant,new,False,False,False,False,False
variant_190,variant,returning,False,False,False,False,False
variant_191,variant,new,True,False,False,False,False
variant_192,variant,new,True,False,False,False,False
variant_193,variant,returning,True,True,True,False,False
variant_194,variant,new,False,False,False,False,False
variant_195,variant,returning,True,True,True,False,False
variant_196,variant,returning,True,True,False,False,False
variant_197,variant,returning,False,False,False,False,False
variant_198,variant,new,False,False,False,False,False
variant_199,variant,new,True,True,True,False,False
variant_200,variant,returning,True,True,False,False,False
variant_201,variant,new,True,False,False,False,False
variant_202,variant,new,True,True,True,True,False
variant_203,variant,new,True,True,True,False,False
variant_204,variant,new,True,True,True,False,False
variant_205,variant,returning,True,True,True,False,False
variant_206,variant,new,False,False,False,False,False
variant_207,variant,returning,False,False,False,False,False
variant_208,variant,new,False,False,False,False,False
variant_209,variant,new,False,False,False,False,False
variant_210,variant,new,True,False,False,False,False
variant_211,variant,returning,True,False,False,False,False
variant_212,variant,new,True,True,True,True,False
variant_213,variant,new,True,True,True,False,False
variant_214,variant,new,True,True,True,False,False
variant_215,variant,new,True,True,True,False,False
variant_216,variant,new,False,False,False,False,False
variant_217,variant,new,True,True,True,True,False
variant_218,variant,new,True,True,True,False,False
variant_219,variant,returning,False,False,False,False,False
variant_220,variant,new,True,False,False,False,False
variant_221,variant,returning,True,True,True,True,False
variant_222,variant,returning,True,True,True,False,False
variant_223,variant,returning,True,False,False,False,False
variant_224,variant,returning,True,True,True,False,False
variant_225,variant,new,True,True,True,False,False
variant_226,variant,new,False,False,False,False,False
variant_227,variant,new,True,True,True,False,False
variant_228,variant,new,True,True,True,False,False
variant_229,variant,returning,True,True,True,False,False
variant_230,variant,new,True,True,True,False,False
variant_231,variant,new,False,False,False,False,False
variant_232,variant,new,True,True,True,False,False
variant_233,variant,returning,False,False,False,False,False
variant_234,variant,new,False,False,False,False,False
variant_235,variant,new,True,True,True,False,False
variant_236,variant,new,False,False,False,False,False
variant_237,variant,returning,False,False,False,False,False
variant_238,variant,returning,False,False,False,False,False
variant_239,variant,new,True,True,True,False,False
variant_240,variant,returning,True,True,True,False,False
variant_241,variant,new,True,True,True,False,False
variant_242,variant,new,True,True,True,True,False
variant_243,variant,new,True,True,True,True,False
variant_244,variant,new,True,True,True,False,False
variant_245,variant,returning,True,False,False,False,False
variant_246,variant,new,False,False,False,False,False
variant_247,variant,returning,True,True,True,False,False
variant_248,variant,new,False,False,False,False,False
variant_249,variant,new,True,True,True,True,False
variant_250,variant,new,True,True,False,False,False
variant_251,variant,returning,False,False,False,False,False
variant_252,variant,new,True,True,True,False,False
variant_253,variant,new,True,True,True,False,False
variant_254,variant,new,False,False,False,False,False
variant_255,variant,new,False,False,False,False,False
variant_256,variant,new,False,False,False,False,False
variant_257,variant,returning,True,True,False,False,False
variant_258,variant,new,True,True,True,False,False
variant_259,variant,new,True,False,False,False,False
variant_260,variant,returning,True,True,True,False,False
variant_261,variant,returning,False,False,False,False,False
variant_262,variant,returning,True,True,True,False,False
variant_263,variant,new,True,True,True,False,False
variant_264,variant,returning,True,True,True,False,False
variant_265,variant,new,True,True,True,False,False
variant_266,variant,new,True,True,True,False,False
variant_267,variant,new,True,True,True,True,False
variant_268,variant,new,True,True,True,False,False
variant_269,variant,new,False,False,False,False,False
variant_270,variant,returning,True,False,False,False,False
variant_271,variant,new,True,True,True,False,False
variant_272,variant,new,True,False,False,False,False
variant_273,variant,new,True,False,False,False,False
variant_274,variant,new,True,True,True,True,False
variant_275,variant,returning,True,True,False,False,False
variant_276,variant,returning,True,True,True,False,False
variant_277,variant,returning,False,False,False,False,False
variant_278,variant,returning,False,False,False,False,False
variant_279,variant,new,False,False,False,False,False
variant_280,variant,new,True,True,True,True,False
variant_281,variant,new,True,True,True,False,False
variant_282,variant,returning,True,True,True,True,False
variant_283,variant,new,True,True,True,False,False
variant_284,variant,new,True,True,True,True,False
variant_285,variant,new,True,True,True,False,False
variant_286,variant,new,True,True,True,False,False
variant_287,variant,returning,True,True,True,False,False
variant_288,variant,returning,True,True,True,True,False
variant_289,variant,new,False,False,False,False,False
variant_290,variant,new,True,True,True,False,False
variant_291,variant,new,True,True,True,False,False
variant_292,variant,new,True,True,False,False,False
variant_293,variant,new,True,True,True,False,False
variant_294,variant,new,True,True,True,False,False
variant_295,variant,new,False,False,False,False,False
variant_296,variant,returning,True,True,True,False,False
variant_297,variant,returning,True,True,True,True,False
variant_298,variant,new,False,False,False,False,False
variant_299,variant,returning,True,True,True,False,False
variant_300,variant,returning,True,True,True,False,False
variant_301,variant,new,True,True,True,False,False
variant_302,variant,new,True,True,True,False,False
variant_303,variant,new,True,True,True,True,False
variant_304,variant,new,True,True,True,False,False
variant_305,variant,new,True,True,True,True,False
variant_306,variant,new,False,False,False,False,False
variant_307,variant,returning,True,True,False,False,False
variant_308,variant,returning,True,False,False,False,False
variant_309,variant,new,False,False,False,False,False
variant_310,variant,returning,True,True,True,False,False
variant_311,variant,returning,True,False,False,False,False
variant_312,variant,new,True,True,False,False,False
variant_313,variant,new,False,False,False,False,False
variant_314,variant,returning,False,False,False,False,False
variant_315,variant,returning,True,True,True,False,False
variant_316,variant,returning,True,True,True,True,False
variant_317,variant,new,True,True,True,False,False
variant_318,variant,returning,True,False,False,False,False
variant_319,variant,new,True,True,True,True,False
variant_320,variant,new,True,True,True,True,False
variant_321,variant,new,True,True,True,False,False
variant_322,variant,returning,True,True,True,False,False
variant_323,variant,new,False,False,False,False,False
variant_324,variant,new,True,True,True,False,False
variant_325,variant,returning,True,False,False,False,False
variant_326,variant,new,False,False,False,False,False
variant_327,variant,returning,False,False,False,False,False
variant_328,variant,new,False,False,False,False,False
variant_329,variant,new,True,True,True,False,False
variant_330,variant,new,True,True,True,False,False
variant_331,variant,returning,True,True,False,False,False
variant_332,variant,returning,False,False,False,False,False
variant_333,variant,new,False,False,False,False,False
variant_334,variant,returning,True,True,True,False,False
variant_335,variant,returning,True,False,False,False,False
variant_336,variant,new,True,True,True,False,False
variant_337,variant,new,True,True,True,False,False
variant_338,variant,returning,True,False,False,False,False
variant_339,variant,new,True,True,True,True,False
variant_340,variant,returning,True,True,True,False,False
variant_341,variant,new,False,False,False,False,False
variant_342,variant,returning,True,True,True,True,False
variant_343,variant,returning,True,False,False,False,False
variant_344,variant,new,True,True,True,True,False
variant_345,variant,new,True,True,True,True,False
variant_346,variant,returning,True,True,True,False,False
variant_347,variant,returning,True,True,True,True,False
variant_348,variant,new,True,False,False,False,False
variant_349,variant,new,True,True,True,False,False
variant_350,variant,returning,True,False,False,False,False
variant_351,variant,new,True,True,True,False,False
variant_352,variant,returning,True,False,False,False,False
variant_353,variant,new,False,False,False,False,False
variant_354,variant,returning,True,True,True,False,False
variant_355,variant,new,True,False,False,False,False
variant_356,variant,returning,True,True,True,False,False
variant_357,variant,new,True,True,True,True,False
variant_358,variant,returning,True,True,True,False,False
variant_359,variant,new,False,False,False,False,False
variant_360,variant,returning,True,False,False,False,False
variant_361,variant,returning,True,True,False,False,False
variant_362,variant,returning,True,True,False,False,False
variant_363,variant,new,True,False,False,False,False
variant_364,variant,new,False,False,False,False,False
variant_365,variant,new,True,True,True,True,False
variant_366,variant,new,True,False,False,False,False
variant_367,variant,returning,False,False,False,False,False
variant_368,variant,returning,True,False,False,False,False
variant_369,variant,returning,True,True,True,False,False
variant_370,variant,new,True,True,True,False,False
variant_371,variant,new,True,True,True,True,False
variant_372,variant,new,True,True,True,False,False
variant_373,variant,new,True,True,True,False,False
variant_374,variant,returning,True,True,True,False,False
variant_375,variant,new,True,True,True,False,False
variant_376,variant,new,True,True,True,False,False
variant_377,variant,returning,True,True,False,False,False
variant_378,variant,new,True,True,True,False,False
variant_379,variant,new,True,True,True,True,False
variant_380,variant,new,True,True,True,False,False
variant_381,variant,new,False,False,False,False,False
variant_382,variant,new,True,True,True,True,False
variant_383,variant,new,True,True,True,False,False
variant_384,variant,returning,True,False,False,False,False
variant_385,variant,new,True,True,True,False,False
variant_386,variant,new,True,True,True,False,False
variant_387,variant,returning,True,True,True,False,False
variant_388,variant,new,True,True,False,False,False
variant_389,variant,new,True,True,True,False,False
variant_390,variant,new,False,False,False,False,False
variant_391,variant,new,True,True,True,True,False
variant_392,variant,new,True,False,False,False,False
variant_393,variant,returning,True,True,True,False,False
variant_394,variant,new,True,False,False,False,False
variant_395,variant,new,True,True,True,True,False
variant_396,variant,new,True,True,True,False,False
variant_397,variant,new,False,False,False,False,False
variant_398,variant,returning,True,False,False,False,False
variant_399,variant,returning,True,True,True,False,False
variant_400,variant,returning,True,True,True,True,False
variant_401,variant,new,True,True,True,False,False
variant_402,variant,new,False,False,False,False,False
variant_403,variant,returning,True,True,True,False,False
variant_404,variant,new,False,False,False,False,False
variant_405,variant,new,True,False,False,False,False
variant_406,variant,new,False,False,False,False,False
variant_407,variant,new,False,False,False,False,False
variant_408,variant,returning,False,False,False,False,False
variant_409,variant,returning,False,False,False,False,False
variant_410,variant,returning,True,False,False,False,False
variant_411,variant,new,True,True,False,False,False
variant_412,variant,returning,True,True,True,False,False
variant_413,variant,returning,True,True,True,False,False
variant_414,variant,returning,True,False,False,False,False
variant_415,variant,new,True,True,True,False,False
variant_416,variant,returning,True,True,True,False,False
variant_417,variant,new,True,True,True,False,False
variant_418,variant,returning,True,False,False,False,False
variant_419,variant,returning,True,False,False,False,False
variant_420,variant,returning,False,False,False,False,False
variant_421,variant,returning,True,True,False,False,False
variant_422,variant,new,True,True,True,False,False
variant_423,variant,returning,True,True,False,False,False
variant_424,variant,new,True,True,True,False,False
variant_425,variant,returning,True,True,True,False,False
variant_426,variant,new,True,True,True,False,False
variant_427,variant,new,False,False,False,False,False
variant_428,variant,returning,True,True,True,False,False
variant_429,variant,returning,True,False,False,False,False
variant_430,variant,new,True,True,True,False,False
variant_431,variant,new,True,True,False,False,False
variant_432,variant,new,True,True,True,True,False
variant_433,variant,new,False,False,False,False,False
variant_434,variant,new,True,True,False,False,False
variant_435,variant,returning,True,False,False,False,False
variant_436,variant,new,False,False,False,False,False
variant_437,variant,new,True,False,False,False,False
variant_438,variant,returning,False,False,False,False,False
variant_439,variant,new,True,True,True,True,False
variant_440,variant,new,True,False,False,False,False
variant_441,variant,new,True,True,True,False,False
variant_442,variant,new,False,False,False,False,False
variant_443,variant,new,False,False,False,False,False
variant_444,variant,returning,True,True,True,False,False
variant_445,variant,new,True,True,True,True,False
variant_446,variant,returning,True,True,True,False,False
variant_447,variant,returning,True,True,True,True,True
variant_448,variant,returning,True,True,True,True,False
variant_449,variant,returning,True,True,True,False,False
variant_450,variant,returning,True,True,True,False,False
variant_451,variant,returning,True,True,True,False,False
variant_452,variant,new,True,True,True,False,False
variant_453,variant,new,True,True,True,False,False
variant_454,variant,returning,True,True,True,False,False
variant_455,variant,returning,True,True,True,True,False
variant_456,variant,returning,False,False,False,False,False
variant_457,variant,returning,True,True,True,True,False
variant_458,variant,returning,False,False,False,False,False
variant_459,variant,returning,True,True,False,False,False
variant_460,variant,returning,True,False,False,False,False
variant_461,variant,new,True,False,False,False,False
variant_462,variant,new,True,True,True,False,False
variant_463,variant,new,True,True,True,False,False
variant_464,variant,new,True,False,False,False,False
variant_465,variant,new,True,True,True,False,False
variant_466,variant,new,True,True,True,True,False
variant_467,variant,returning,False,False,False,False,False
variant_468,variant,new,True,True,True,True,False
variant_469,variant,returning,True,True,False,False,False
variant_470,variant,new,True,False,False,False,False
variant_471,variant,returning,True,True,True,False,False
variant_472,variant,new,False,False,False,False,False
variant_473,variant,new,True,True,False,False,False
variant_474,variant,returning,True,True,True,True,False
variant_475,variant,new,True,False,False,False,False
variant_476,variant,new,False,False,False,False,False
variant_477,variant,returning,True,True,True,False,False
variant_478,variant,returning,False,False,False,False,False
variant_479,variant,new,True,True,True,False,False
variant_480,variant,returning,True,True,True,False,False
variant_481,variant,new,False,False,False,False,False
variant_482,variant,new,True,False,False,False,False
variant_483,variant,new,True,True,True,False,False
variant_484,variant,new,True,True,False,False,False
variant_485,variant,new,True,True,False,False,False
variant_486,variant,returning,True,True,True,False,False
variant_487,variant,new,True,False,False,False,False
variant_488,variant,returning,True,True,True,False,False
variant_489,variant,new,False,False,False,False,False
variant_490,variant,returning,True,False,False,False,False
variant_491,variant,new,True,True,True,False,False
variant_492,variant,new,True,True,True,False,False
variant_493,variant,new,False,False,False,False,False
variant_494,variant,returning,True,True,True,False,False
variant_495,variant,returning,True,True,True,True,False
variant_496,variant,new,True,True,True,False,False
variant_497,variant,new,False,False,False,False,False
variant_498,variant,new,True,False,False,False,False
variant_499,variant,new,True,False,False,False,False
variant_500,variant,returning,True,True,True,False,False
variant_501,variant,new,False,False,False,False,False
variant_502,variant,returning,True,False,False,False,False
variant_503,variant,returning,True,True,True,False,False
variant_504,variant,new,True,True,True,False,False
variant_505,variant,returning,True,False,False,False,False
variant_506,variant,returning,True,False,False,False,False
variant_507,variant,new,True,True,True,True,False
variant_508,variant,returning,False,False,False,False,False
variant_509,variant,new,True,True,True,False,False
variant_510,variant,returning,True,True,True,False,False
variant_511,variant,returning,True,False,False,False,False
variant_512,variant,returning,True,True,True,True,False
variant_513,variant,returning,True,False,False,False,False
variant_514,variant,returning,True,True,True,False,False
variant_515,variant,new,True,True,True,False,False
variant_516,variant,returning,False,False,False,False,False
variant_517,variant,returning,False,False,False,False,False
variant_518,variant,returning,False,False,False,False,False
variant_519,variant,returning,True,False,False,False,False
variant_520,variant,new,False,False,False,False,False
variant_521,variant,new,True,False,False,False,False
variant_522,variant,returning,True,False,False,False,False
variant_523,variant,returning,True,True,True,False,False
variant_524,variant,returning,True,True,True,False,False
variant_525,variant,new,False,False,False,False,False
variant_526,variant,new,True,True,False,False,False
variant_527,variant,new,True,True,True,False,False
variant_528,variant,new,True,True,True,False,False
variant_529,variant,returning,True,True,True,True,False
variant_530,variant,new,False,False,False,False,False
variant_531,variant,new,True,True,True,True,False
variant_532,variant,new,True,True,True,False,False
variant_533,variant,returning,True,True,True,False,False
variant_534,variant,returning,False,False,False,False,False
variant_535,variant,new,True,True,True,False,False
variant_536,variant,new,True,False,False,False,False
variant_537,variant,new,False,False,False,False,False
variant_538,variant,new,True,True,True,False,False
variant_539,variant,returning,True,False,False,False,False
variant_540,variant,new,True,True,True,False,False
variant_541,variant,new,True,True,True,False,False
variant_542,variant,new,False,False,False,False,False
variant_543,variant,new,False,False,False,False,False
variant_544,variant,new,True,True,True,False,False
variant_545,variant,returning,True,False,False,False,False
variant_546,variant,new,False,False,False,False,False
variant_547,variant,new,True,False,False,False,False
variant_548,variant,returning,True,True,True,False,False
variant_549,variant,returning,False,False,False,False,False
variant_550,variant,new,True,True,True,False,False
variant_551,variant,new,True,True,False,False,False
variant_552,variant,returning,False,False,False,False,False
variant_553,variant,new,True,True,True,False,False
variant_554,variant,returning,True,True,True,True,False
variant_555,variant,returning,True,False,False,False,False
variant_556,variant,new,True,True,True,False,False
variant_557,variant,new,True,True,True,False,False
variant_558,variant,returning,False,False,False,False,False
variant_559,variant,new,False,False,False,False,False
variant_560,variant,new,True,True,True,False,False
variant_561,variant,new,True,True,True,False,False
variant_562,variant,returning,True,False,False,False,False
variant_563,variant,returning,True,True,True,False,False
variant_564,variant,returning,True,False,False,False,False
variant_565,variant,new,True,True,True,True,False
variant_566,variant,new,False,False,False,False,False
variant_567,variant,returning,False,False,False,False,False
variant_568,variant,new,True,True,True,True,False
variant_569,variant,returning,False,False,False,False,False
variant_570,variant,returning,True,True,True,False,False
variant_571,variant,new,True,True,True,False,False
variant_572,variant,returning,True,False,False,False,False
variant_573,variant,new,False,False,False,False,False
variant_574,variant,new,True,True,True,False,False
variant_575,variant,new,True,True,True,False,False
variant_576,variant,new,True,True,True,False,False
variant_577,variant,new,True,True,True,True,False
variant_578,variant,new,True,True,True,False,False
variant_579,variant,returning,True,True,True,False,False
variant_580,variant,returning,False,False,False,False,False
variant_581,variant,new,True,True,True,False,False
variant_582,variant,returning,True,False,False,False,False
variant_583,variant,returning,True,True,True,False,False
variant_584,variant,new,True,True,True,False,False
variant_585,variant,returning,True,True,True,False,False
variant_586,variant,new,True,True,True,False,False
variant_587,variant,new,True,True,True,True,False
variant_588,variant,new,True,True,True,False,False
variant_589,variant,new,False,False,False,False,False
variant_590,variant,new,True,True,True,False,False
variant_591,variant,new,True,True,True,False,False
variant_592,variant,new,True,True,True,False,False
variant_593,variant,returning,True,True,True,False,False
variant_594,variant,returning,True,False,False,False,False
variant_595,variant,returning,True,False,False,False,False
variant_596,variant,returning,True,True,True,False,False
variant_597,variant,returning,True,True,False,False,False
variant_598,variant,new,True,True,True,True,False
variant_599,variant,new,True,False,False,False,False
variant_600,variant,new,True,True,True,False,False
variant_601,variant,new,True,True,True,True,False
variant_602,variant,new,True,True,True,False,False
variant_603,variant,new,True,True,True,True,False
variant_604,variant,new,True,False,False,False,False
variant_605,variant,new,True,True,True,False,False
variant_606,variant,returning,True,True,True,False,False
variant_607,variant,new,True,False,False,False,False
variant_608,variant,new,True,True,False,False,False
variant_609,variant,new,False,False,False,False,False
variant_610,variant,new,True,True,True,False,False
variant_611,variant,returning,True,True,True,False,False
variant_612,variant,new,True,True,True,False,False
variant_613,variant,new,True,True,True,False,False
variant_614,variant,returning,False,False,False,False,False
variant_615,variant,new,False,False,False,False,False
variant_616,variant,returning,True,True,True,False,False
variant_617,variant,returning,True,True,True,True,False
variant_618,variant,new,False,False,False,False,False
variant_619,variant,new,True,True,False,False,False
variant_620,variant,new,False,False,False,False,False
variant_621,variant,new,True,True,True,False,False
variant_622,variant,new,True,True,True,False,False
variant_623,variant,returning,True,True,False,False,False
variant_624,variant,new,True,False,False,False,False
variant_625,variant,new,True,True,True,False,False
variant_626,variant,new,True,False,False,False,False
variant_627,variant,new,False,False,False,False,False
variant_628,variant,returning,True,False,False,False,False
variant_629,variant,new,True,False,False,False,False
variant_630,variant,returning,True,False,False,False,False
variant_631,variant,returning,True,True,True,False,False
variant_632,variant,new,True,True,False,False,False
variant_633,variant,returning,True,True,True,False,False
variant_634,variant,new,False,False,False,False,False
variant_635,variant,new,False,False,False,False,False
variant_636,variant,new,False,False,False,False,False
variant_637,variant,new,True,True,False,False,False
variant_638,variant,returning,True,True,True,False,False
variant_639,variant,new,True,False,False,False,False
variant_640,variant,new,True,True,True,False,False
variant_641,variant,returning,True,False,False,False,False
variant_642,variant,new,False,False,False,False,False
variant_643,variant,returning,False,False,False,False,False
variant_644,variant,new,True,True,True,False,False
variant_645,variant,returning,True,False,False,False,False
variant_646,variant,new,True,True,True,True,False
variant_647,variant,returning,True,False,False,False,False
variant_648,variant,new,True,True,True,False,False
variant_649,variant,returning,True,True,True,False,False
variant_650,variant,returning,False,False,False,False,False
variant_651,variant,returning,True,True,False,False,False
variant_652,variant,new,True,True,True,False,False
variant_653,variant,new,True,True,True,True,False
variant_654,variant,returning,False,False,False,False,False
variant_655,variant,returning,True,True,True,True,False
variant_656,variant,returning,False,False,False,False,False
variant_657,variant,returning,True,True,True,False,False
variant_658,variant,new,False,False,False,False,False
variant_659,variant,new,False,False,False,False,False
variant_660,variant,new,False,False,False,False,False
variant_661,variant,returning,True,True,True,True,False
variant_662,variant,new,True,False,False,False,False
variant_663,variant,new,True,True,True,False,False
variant_664,variant,returning,True,False,False,False,False
variant_665,variant,new,True,False,False,False,False
variant_666,variant,new,True,True,True,False,False
variant_667,variant,new,True,True,True,False,False
variant_668,variant,new,True,True,True,False,False
variant_669,variant,new,True,True,True,False,False
variant_670,variant,returning,True,True,True,False,False
variant_671,variant,returning,True,True,True,False,False
variant_672,variant,returning,True,True,True,False,False
variant_673,variant,returning,False,False,False,False,False
variant_674,variant,new,True,True,True,True,False
variant_675,variant,new,False,False,False,False,False
variant_676,variant,new,False,False,False,False,False
variant_677,variant,returning,True,True,True,False,False
variant_678,variant,new,True,True,True,False,False
variant_679,variant,returning,True,True,True,False,False
variant_680,variant,new,False,False,False,False,False
variant_681,variant,returning,True,False,False,False,False
variant_682,variant,new,True,True,True,False,False
variant_683,variant,returning,True,True,True,False,False
variant_684,variant,new,True,True,False,False,False
variant_685,variant,new,True,True,False,False,False
variant_686,variant,returning,True,True,True,True,False
variant_687,variant,new,False,False,False,False,False
variant_688,variant,returning,True,True,False,False,False
variant_689,variant,returning,True,True,True,False,False
variant_690,variant,returning,True,True,True,False,False
variant_691,variant,new,True,False,False,False,False
variant_692,variant,new,True,True,True,False,False
variant_693,variant,new,True,True,False,False,False
variant_694,variant,returning,False,False,False,False,False
variant_695,variant,new,True,True,True,False,False
variant_696,variant,returning,True,False,False,False,False
variant_697,variant,returning,False,False,False,False,False
variant_698,variant,new,True,True,False,False,False
variant_699,variant,returning,True,True,True,False,False
variant_700,variant,new,True,True,False,False,False
variant_701,variant,new,False,False,False,False,False
variant_702,variant,new,True,True,False,False,False
variant_703,variant,returning,True,True,True,True,False
variant_704,variant,returning,True,True,True,False,False
variant_705,variant,new,False,False,False,False,False
variant_706,variant,new,False,False,False,False,False
variant_707,variant,new,True,True,True,False,False
variant_708,variant,new,True,False,False,False,False
variant_709,variant,new,True,True,False,False,False
variant_710,variant,returning,True,True,True,False,False
variant_711,variant,returning,True,True,True,True,False
variant_712,variant,new,True,True,True,True,False
variant_713,variant,returning,True,True,True,False,False
variant_714,variant,returning,False,False,False,False,False
variant_715,variant,new,True,True,True,False,False
variant_716,variant,returning,True,False,False,False,False
variant_717,variant,new,True,False,False,False,False
variant_718,variant,new,True,True,True,True,False
variant_719,variant,new,True,False,False,False,False
variant_720,variant,returning,True,True,True,False,False
variant_721,variant,new,True,True,False,False,False
variant_722,variant,new,True,True,True,False,False
variant_723,variant,new,False,False,False,False,False
variant_724,variant,new,True,True,True,False,False
variant_725,variant,new,True,True,True,False,False
variant_726,variant,new,True,True,True,False,False
variant_727,variant,returning,True,True,True,False,False
variant_728,variant,new,False,False,False,False,False
variant_729,variant,new,True,False,False,False,False
variant_730,variant,returning,True,False,False,False,False
variant_731,variant,returning,True,True,True,True,False
variant_732,variant,new,True,True,True,True,False
variant_733,variant,new,True,True,True,False,False
variant_734,variant,new,False,False,False,False,False
variant_735,variant,new,True,True,True,False,False
variant_736,variant,returning,True,True,True,False,False
variant_737,variant,new,True,True,True,False,False
variant_738,variant,new,False,False,False,False,False
variant_739,variant,new,True,False,False,False,False
variant_740,variant,new,True,True,True,True,False
variant_741,variant,new,True,False,False,False,False
variant_742,variant,returning,True,True,True,False,False
variant_743,variant,new,True,False,False,False,False
variant_744,variant,new,True,True,True,True,False
variant_745,variant,returning,True,True,True,False,False
variant_746,variant,new,False,False,False,False,False
variant_747,variant,new,True,True,True,False,False
variant_748,variant,new,False,False,False,False,False
variant_749,variant,new,True,False,False,False,False
variant_750,variant,new,True,True,True,False,False
variant_751,variant,new,True,False,False,False,False
variant_752,variant,returning,True,True,True,False,False
variant_753,variant,returning,True,True,True,False,False
variant_754,variant,new,False,False,False,False,False
variant_755,variant,new,True,False,False,False,False
variant_756,variant,returning,False,False,False,False,False
variant_757,variant,new,True,True,True,False,False
variant_758,variant,new,True,True,True,False,False
variant_759,variant,returning,True,False,False,False,False
variant_760,variant,new,True,True,True,False,False
variant_761,variant,returning,True,True,True,False,False
variant_762,variant,new,True,True,True,False,False
variant_763,variant,returning,False,False,False,False,False
variant_764,variant,new,True,True,True,False,False
variant_765,variant,new,True,True,True,False,False
variant_766,variant,new,True,True,True,False,False
variant_767,variant,returning,True,False,False,False,False
variant_768,variant,new,True,False,False,False,False
variant_769,variant,new,True,True,True,True,False
variant_770,variant,returning,True,True,True,False,False
variant_771,variant,new,False,False,False,False,False
variant_772,variant,new,False,False,False,False,False
variant_773,variant,new,True,True,True,False,False
variant_774,variant,returning,True,True,True,False,False
variant_775,variant,new,True,True,True,True,False
variant_776,variant,new,True,True,False,False,False
variant_777,variant,returning,True,True,False,False,False
variant_778,variant,returning,True,False,False,False,False
variant_779,variant,new,False,False,False,False,False
variant_780,variant,new,True,True,True,False,False
variant_781,variant,new,True,True,True,False,False
variant_782,variant,new,True,True,True,True,False
variant_783,variant,new,True,False,False,False,False
variant_784,variant,returning,True,True,True,False,False
variant_785,variant,returning,True,True,True,False,False
variant_786,variant,new,True,True,True,False,False
variant_787,variant,new,True,True,True,True,False
variant_788,variant,new,True,True,True,False,False
variant_789,variant,returning,True,False,False,False,False
variant_790,variant,returning,False,False,False,False,False
variant_791,variant,returning,False,False,False,False,False
variant_792,variant,returning,True,True,True,False,False
variant_793,variant,returning,False,False,False,False,False
variant_794,variant,returning,True,True,True,False,False
variant_795,variant,returning,True,True,False,False,False
variant_796,variant,new,True,True,True,False,False
variant_797,variant,returning,True,True,False,False,False
variant_798,variant,new,True,True,True,False,False
variant_799,variant,new,False,False,False,False,False
variant_800,variant,new,True,True,False,False,False
variant_801,variant,new,True,True,True,True,False
variant_802,variant,returning,True,True,True,False,False
variant_803,variant,new,False,False,False,False,False
variant_804,variant,new,True,True,True,False,False
variant_805,variant,returning,False,False,False,False,False
variant_806,variant,new,True,False,False,False,False
variant_807,variant,new,False,False,False,False,False
variant_808,variant,new,True,True,True,False,False
variant_809,variant,new,True,True,False,False,False
variant_810,variant,returning,True,True,True,True,False
variant_811,variant,new,True,True,True,False,False
variant_812,variant,returning,True,True,True,False,False
variant_813,variant,new,True,True,True,False,False
variant_814,variant,returning,True,True,True,False,False
variant_815,variant,new,True,True,True,True,False
variant_816,variant,new,True,True,False,False,False
variant_817,variant,new,True,True,True,False,False
variant_818,variant,new,False,False,False,False,False
variant_819,variant,returning,False,False,False,False,False
variant_820,variant,returning,True,True,True,False,False
variant_821,variant,new,True,True,True,False,False
variant_822,variant,returning,False,False,False,False,False
variant_823,variant,new,False,False,False,False,False
variant_824,variant,returning,False,False,False,False,False
variant_825,variant,new,True,True,False,False,False
variant_826,variant,new,True,True,True,True,False
variant_827,variant,new,False,False,False,False,False
variant_828,variant,new,True,True,False,False,False
variant_829,variant,returning,True,True,True,False,False
variant_830,variant,new,False,False,False,False,False
variant_831,variant,new,False,False,False,False,False
variant_832,variant,returning,True,True,False,False,False
variant_833,variant,new,True,True,True,False,False
variant_834,variant,new,False,False,False,False,False
variant_835,variant,returning,True,False,False,False,False
variant_836,variant,new,True,True,True,True,False
variant_837,variant,returning,True,True,True,False,False
variant_838,variant,new,True,True,True,False,False
variant_839,variant,new,True,True,True,False,False
variant_840,variant,new,False,False,False,False,False
variant_841,variant,new,True,True,True,False,False
variant_842,variant,new,True,True,True,True,False
variant_843,variant,new,True,True,True,False,False
variant_844,variant,returning,True,True,True,True,False
variant_845,variant,new,False,False,False,False,False
variant_846,variant,returning,True,True,True,False,False
variant_847,variant,new,False,False,False,False,False
variant_848,variant,returning,False,False,False,False,False
variant_849,variant,new,True,True,True,False,False
variant_850,variant,returning,True,True,True,False,False
variant_851,variant,new,False,False,False,False,False
variant_852,variant,new,True,True,True,False,False
variant_853,variant,new,False,False,False,False,False
variant_854,variant,returning,True,True,True,False,False
variant_855,variant,returning,True,False,False,False,False
variant_856,variant,returning,True,True,True,True,False
variant_857,variant,new,True,False,False,False,False
variant_858,variant,new,True,True,True,False,False
variant_859,variant,new,True,False,False,False,False
variant_860,variant,returning,True,False,False,False,False
variant_861,variant,new,True,True,True,False,False
variant_862,variant,returning,True,True,True,False,False
variant_863,variant,returning,False,False,False,False,False
variant_864,variant,new,False,False,False,False,False
variant_865,variant,returning,True,True,True,True,False
variant_866,variant,new,False,False,False,False,False
variant_867,variant,new,True,True,True,False,False
variant_868,variant,new,True,True,True,False,False
variant_869,variant,new,True,True,True,False,False
variant_870,variant,new,False,False,False,False,False
variant_871,variant,returning,True,True,True,False,False
variant_872,variant,returning,False,False,False,False,False
variant_873,variant,new,True,True,True,False,False
variant_874,variant,returning,True,True,True,False,False
variant_875,variant,returning,True,True,True,False,False
variant_876,variant,new,True,False,False,False,False
variant_877,variant,new,True,True,True,False,False
variant_878,variant,returning,False,False,False,False,False
variant_879,variant,new,True,False,False,False,False
variant_880,variant,new,True,True,True,False,False
variant_881,variant,returning,True,True,False,False,False
variant_882,variant,returning,True,True,True,True,False
variant_883,variant,returning,False,False,False,False,False
variant_884,variant,returning,True,True,True,False,False
variant_885,variant,new,True,True,False,False,False
variant_886,variant,returning,True,True,True,False,False
variant_887,variant,returning,True,True,True,False,False
variant_888,variant,new,True,True,True,False,False
variant_889,variant,new,True,False,False,False,False
variant_890,variant,new,True,True,True,False,False
variant_891,variant,returning,True,False,False,False,False
variant_892,variant,returning,True,True,True,True,False
variant_893,variant,returning,True,False,False,False,False
variant_894,variant,new,True,True,True,False,False
variant_895,variant,returning,True,True,True,True,False
variant_896,variant,new,True,True,True,False,False
variant_897,variant,returning,True,True,True,True,False
variant_898,variant,new,True,True,True,True,False
variant_899,variant,returning,True,True,False,False,False
variant_900,variant,new,False,False,False,False,False
variant_901,variant,new,True,True,True,True,False
variant_902,variant,new,True,True,True,False,False
variant_903,variant,returning,True,True,True,False,False
variant_904,variant,new,True,True,True,False,False
variant_905,variant,returning,False,False,False,False,False
variant_906,variant,new,True,True,True,False,False
variant_907,variant,new,True,True,True,False,False
variant_908,variant,new,True,True,True,False,False
variant_909,variant,new,True,False,False,False,False
variant_910,variant,new,True,True,True,True,False
variant_911,variant,new,True,True,True,True,False
variant_912,variant,new,True,False,False,False,False
variant_913,variant,returning,True,False,False,False,False
variant_914,variant,new,True,True,True,False,False
variant_915,variant,new,True,True,True,True,False
variant_916,variant,returning,True,False,False,False,False
variant_917,variant,new,True,True,True,False,False
variant_918,variant,new,False,False,False,False,False
variant_919,variant,new,True,True,True,False,False
variant_920,variant,new,True,True,True,False,False
variant_921,variant,new,True,False,False,False,False
variant_922,variant,new,True,True,True,False,False
variant_923,variant,new,True,True,False,False,False
variant_924,variant,returning,True,False,False,False,False
variant_925,variant,returning,True,True,True,False,False
variant_926,variant,new,True,True,True,True,False
variant_927,variant,new,True,True,True,False,False
variant_928,variant,new,True,True,True,False,False
variant_929,variant,new,True,True,True,False,False
variant_930,variant,returning,True,True,True,True,False
variant_931,variant,new,False,False,False,False,False
variant_932,variant,new,True,True,True,False,False
variant_933,variant,returning,True,False,False,False,False
variant_934,variant,returning,False,False,False,False,False
variant_935,variant,new,True,False,False,False,False
variant_936,variant,returning,True,True,True,True,False
variant_937,variant,returning,True,True,False,False,False
variant_938,variant,returning,True,True,True,False,False
variant_939,variant,new,True,True,True,False,False
variant_940,variant,returning,True,False,False,False,False
variant_941,variant,new,True,False,False,False,False
variant_942,variant,new,True,True,True,True,False
variant_943,variant,new,True,True,True,False,False
variant_944,variant,new,True,True,True,False,False
variant_945,variant,new,True,True,True,False,False
variant_946,variant,new,True,False,False,False,False
variant_947,variant,new,True,True,True,False,False
variant_948,variant,returning,False,False,False,False,False
variant_949,variant,new,False,False,False,False,False
variant_950,variant,new,True,True,True,False,False
variant_951,variant,returning,True,True,True,False,False
variant_952,variant,new,True,True,True,False,False
variant_953,variant,returning,True,False,False,False,False
variant_954,variant,new,True,True,True,False,False
variant_955,variant,returning,True,True,True,True,False
variant_956,variant,new,False,False,False,False,False
variant_957,variant,new,True,True,True,False,False
variant_958,variant,returning,True,True,True,False,False
variant_959,variant,new,True,False,False,False,False
variant_960,variant,new,True,True,True,True,False
variant_961,variant,new,True,True,True,False,False
variant_962,variant,returning,True,True,True,False,False
variant_963,variant,new,False,False,False,False,False
variant_964,variant,returning,True,True,True,False,False
variant_965,variant,returning,False,False,False,False,False
variant_966,variant,new,True,True,True,False,False
variant_967,variant,returning,True,True,True,True,False
variant_968,variant,returning,False,False,False,False,False
variant_969,variant,new,True,False,False,False,False
variant_970,variant,new,False,False,False,False,False
variant_971,variant,new,False,False,False,False,False
variant_972,variant,returning,True,True,True,False,False
variant_973,variant,new,True,True,True,False,False
variant_974,variant,new,True,True,True,False,False
variant_975,variant,returning,True,True,True,False,False
variant_976,variant,returning,False,False,False,False,False
variant_977,variant,new,True,True,True,False,False
variant_978,variant,returning,True,True,True,False,False
variant_979,variant,returning,True,True,True,False,False
variant_980,variant,new,True,True,True,True,False
variant_981,variant,new,False,False,False,False,False
variant_982,variant,returning,True,True,True,False,False
variant_983,variant,new,True,True,True,False,False
variant_984,variant,returning,True,True,True,True,False
variant_985,variant,new,True,True,True,False,False
variant_986,variant,returning,True,False,False,False,False
variant_987,variant,returning,True,True,False,False,False
variant_988,variant,new,True,False,False,False,False
variant_989,variant,new,False,False,False,False,False
variant_990,variant,returning,True,True,True,False,False
variant_991,variant,returning,True,True,True,False,False
variant_992,variant,new,True,True,True,False,False
variant_993,variant,new,True,False,False,False,False
variant_994,variant,new,True,True,True,True,False
variant_995,variant,new,True,True,True,False,False
variant_996,variant,new,True,True,False,False,False
variant_997,variant,new,False,False,False,False,False
variant_998,variant,new,True,True,True,False,False
variant_999,variant,returning,False,False,False,False,False
variant_1000,variant,returning,True,True,True,False,False
variant_1001,variant,returning,False,False,False,False,False
variant_1002,variant,returning,True,True,True,False,False
variant_1003,variant,new,True,True,True,True,False
variant_1004,variant,new,False,False,False,False,False
variant_1005,variant,new,False,False,False,False,False
variant_1006,variant,new,False,False,False,False,False
variant_1007,variant,returning,False,False,False,False,False
variant_1008,variant,returning,True,True,True,True,False
variant_1009,variant,returning,True,True,True,False,False
variant_1010,variant,new,False,False,False,False,False
variant_1011,variant,new,True,True,True,True,False
variant_1012,variant,returning,False,False,False,False,False
variant_1013,variant,new,False,False,False,False,False
variant_1014,variant,new,True,True,True,False,False
variant_1015,variant,returning,True,False,False,False,False
variant_1016,variant,returning,True,False,False,False,False
variant_1017,variant,new,False,False,False,False,False
variant_1018,variant,new,True,True,True,False,False
variant_1019,variant,returning,True,True,True,False,False
variant_1020,variant,returning,True,True,True,True,False
variant_1021,variant,new,False,False,False,False,False
variant_1022,variant,returning,True,True,True,False,False
variant_1023,variant,new,True,True,True,False,False
variant_1024,variant,returning,True,False,False,False,False
variant_1025,variant,new,True,True,True,True,False
variant_1026,variant,returning,False,False,False,False,False
variant_1027,variant,returning,True,True,True,False,False
variant_1028,variant,new,True,False,False,False,False
variant_1029,variant,new,True,False,False,False,False
variant_1030,variant,returning,True,True,True,True,False
variant_1031,variant,new,True,True,False,False,False
variant_1032,variant,returning,False,False,False,False,False
variant_1033,variant,new,True,False,False,False,False
variant_1034,variant,new,True,True,True,False,False
variant_1035,variant,returning,True,True,True,False,False
variant_1036,variant,new,False,False,False,False,False
variant_1037,variant,returning,True,True,True,False,False
variant_1038,variant,new,True,True,True,True,False
variant_1039,variant,new,True,True,True,True,False
variant_1040,variant,new,False,False,False,False,False
variant_1041,variant,new,True,True,True,False,False
variant_1042,variant,returning,True,True,True,False,False
variant_1043,variant,new,True,True,True,False,False
variant_1044,variant,new,True,True,True,True,False
variant_1045,variant,returning,False,False,False,False,False
variant_1046,variant,new,True,True,True,False,False
variant_1047,variant,new,True,True,True,False,False
variant_1048,variant,returning,False,False,False,False,False
variant_1049,variant,returning,True,True,True,True,False
variant_1050,variant,new,True,True,True,False,False
variant_1051,variant,returning,True,True,True,False,False
variant_1052,variant,new,True,True,True,False,False
variant_1053,variant,new,False,False,False,False,False
variant_1054,variant,new,False,False,False,False,False
variant_1055,variant,returning,True,True,True,True,False
variant_1056,variant,new,False,False,False,False,False
variant_1057,variant,returning,True,True,False,False,False
variant_1058,variant,new,True,True,True,False,False
variant_1059,variant,new,True,False,False,False,False
variant_1060,variant,returning,False,False,False,False,False
variant_1061,variant,returning,True,False,False,False,False
variant_1062,variant,new,True,True,True,False,False
variant_1063,variant,new,True,True,True,True,False
variant_1064,variant,returning,True,False,False,False,False
variant_1065,variant,new,True,True,False,False,False
variant_1066,variant,new,True,True,True,True,False
variant_1067,variant,new,False,False,False,False,False
variant_1068,variant,returning,False,False,False,False,False
variant_1069,variant,new,True,True,True,False,False
variant_1070,variant,new,False,False,False,False,False
variant_1071,variant,new,False,False,False,False,False
variant_1072,variant,new,False,False,False,False,False
variant_1073,variant,new,True,False,False,False,False
variant_1074,variant,new,False,False,False,False,False
variant_1075,variant,returning,True,True,False,False,False
variant_1076,variant,new,True,False,False,False,False
variant_1077,variant,new,False,False,False,False,False
variant_1078,variant,returning,True,True,True,False,False
variant_1079,variant,new,False,False,False,False,False
variant_1080,variant,new,True,True,True,False,False
variant_1081,variant,new,True,True,False,False,False
variant_1082,variant,new,True,False,False,False,False
variant_1083,variant,returning,False,False,False,False,False
variant_1084,variant,returning,True,True,True,False,False
variant_1085,variant,returning,False,False,False,False,False
variant_1086,variant,new,True,True,True,True,False
variant_1087,variant,returning,True,False,False,False,False
variant_1088,variant,new,True,False,False,False,False
variant_1089,variant,new,False,False,False,False,False
variant_1090,variant,new,False,False,False,False,False
variant_1091,variant,new,True,True,True,False,False
variant_1092,variant,new,True,True,True,False,False
variant_1093,variant,new,True,False,False,False,False
variant_1094,variant,returning,False,False,False,False,False
variant_1095,variant,returning,True,True,True,False,False
variant_1096,variant,returning,True,True,True,False,False
variant_1097,variant,new,True,True,True,False,False
variant_1098,variant,new,False,False,False,False,False
variant_1099,variant,returning,True,True,True,False,False
variant_1100,variant,new,True,True,True,True,False
variant_1101,variant,new,True,False,False,False,False
variant_1102,variant,new,True,True,True,False,False
variant_1103,variant,new,True,True,True,False,False
variant_1104,variant,new,False,False,False,False,False
variant_1105,variant,returning,True,True,True,True,False
variant_1106,variant,returning,True,True,True,False,False
variant_1107,variant,returning,True,True,True,True,False
variant_1108,variant,new,True,True,True,False,False
variant_1109,variant,new,True,True,True,True,False
variant_1110,variant,returning,False,False,False,False,False
variant_1111,variant,new,True,False,False,False,False
variant_1112,variant,new,False,False,False,False,False
variant_1113,variant,returning,True,True,True,False,False
variant_1114,variant,new,False,False,False,False,False
variant_1115,variant,new,False,False,False,False,False
variant_1116,variant,new,True,True,True,False,False
variant_1117,variant,new,True,True,True,False,False
variant_1118,variant,new,False,False,False,False,False
variant_1119,variant,new,False,False,False,False,False
variant_1120,variant,new,True,True,True,True,False
variant_1121,variant,returning,False,False,False,False,False
variant_1122,variant,returning,False,False,False,False,False
variant_1123,variant,returning,True,True,True,False,False
variant_1124,variant,returning,True,True,True,True,False
variant_1125,variant,new,True,True,False,False,False
variant_1126,variant,new,True,False,False,False,False
variant_1127,variant,new,False,False,False,False,False
variant_1128,variant,new,False,False,False,False,False
variant_1129,variant,returning,True,True,True,False,False
variant_1130,variant,new,True,True,True,False,False
variant_1131,variant,returning,True,False,False,False,False
variant_1132,variant,new,True,True,True,False,False
variant_1133,variant,new,True,False,False,False,False
variant_1134,variant,returning,True,True,True,False,False
variant_1135,variant,new,True,True,True,False,False
variant_1136,variant,returning,True,True,True,True,False
variant_1137,variant,returning,False,False,False,False,False
variant_1138,variant,returning,True,True,True,False,False
variant_1139,variant,returning,True,True,True,False,False
variant_1140,variant,new,False,False,False,False,False
variant_1141,variant,new,False,False,False,False,False
variant_1142,variant,returning,True,True,False,False,False
variant_1143,variant,new,True,True,True,False,False
variant_1144,variant,returning,True,False,False,False,False
variant_1145,variant,new,True,True,True,False,False
variant_1146,variant,new,True,True,False,False,False
variant_1147,variant,new,True,True,True,False,False
variant_1148,variant,returning,True,True,False,False,False
variant_1149,variant,new,True,True,True,True,False
variant_1150,variant,new,False,False,False,False,False
variant_1151,variant,new,True,True,True,False,False
variant_1152,variant,new,True,True,True,True,False
variant_1153,variant,new,True,True,True,False,False
variant_1154,variant,returning,True,True,True,True,False
variant_1155,variant,new,True,True,True,True,False
variant_1156,variant,new,True,True,True,False,False
variant_1157,variant,new,False,False,False,False,False
variant_1158,variant,new,False,False,False,False,False
variant_1159,variant,returning,False,False,False,False,False
variant_1160,variant,returning,True,True,True,True,False
variant_1161,variant,returning,False,False,False,False,False
variant_1162,variant,returning,True,True,True,False,False
variant_1163,variant,new,True,True,True,False,False
variant_1164,variant,returning,True,True,True,True,False
variant_1165,variant,new,True,True,True,False,False
variant_1166,variant,returning,True,True,True,False,False
variant_1167,variant,returning,False,False,False,False,False
variant_1168,variant,new,True,True,True,False,False
variant_1169,variant,new,False,False,False,False,False
variant_1170,variant,new,True,False,False,False,False
variant_1171,variant,new,True,True,True,False,False
variant_1172,variant,new,True,True,True,False,False
variant_1173,variant,returning,True,False,False,False,False
variant_1174,variant,new,False,False,False,False,False
variant_1175,variant,new,True,True,True,False,False
variant_1176,variant,new,True,True,True,False,False
variant_1177,variant,new,True,True,True,True,False
variant_1178,variant,new,False,False,False,False,False
variant_1179,variant,new,True,True,True,True,False
variant_1180,variant,new,True,True,True,True,False
variant_1181,variant,new,True,True,True,True,False
variant_1182,variant,new,True,True,True,False,False
variant_1183,variant,new,True,True,True,False,False
variant_1184,variant,returning,True,True,True,False,False
variant_1185,variant,returning,True,True,True,True,False
variant_1186,variant,new,True,True,True,False,False
variant_1187,variant,returning,True,False,False,False,False
variant_1188,variant,returning,True,True,True,False,False
variant_1189,variant,new,True,True,True,True,False
variant_1190,variant,new,True,True,False,False,False
variant_1191,variant,new,True,True,False,False,False
variant_1192,variant,new,True,True,True,False,False
variant_1193,variant,returning,True,True,True,True,False
variant_1194,variant,returning,False,False,False,False,False
variant_1195,variant,new,False,False,False,False,False
variant_1196,variant,new,True,True,True,True,False
variant_1197,variant,returning,True,False,False,False,False
variant_1198,variant,new,True,True,True,False,False
variant_1199,variant,new,False,False,False,False,False
variant_1200,variant,new,True,True,True,False,False
variant_1201,variant,returning,False,False,False,False,False
variant_1202,variant,returning,True,True,True,False,False
variant_1203,variant,returning,True,True,True,True,False
variant_1204,variant,returning,False,False,False,False,False
variant_1205,variant,new,True,True,True,True,False
variant_1206,variant,new,False,False,False,False,False
variant_1207,variant,returning,True,True,True,False,False
variant_1208,variant,returning,True,False,False,False,False
variant_1209,variant,new,True,True,True,False,False
variant_1210,variant,new,True,True,False,False,False
variant_1211,variant,returning,True,True,False,False,False
variant_1212,variant,new,True,True,True,False,False
variant_1213,variant,new,True,True,True,True,False
variant_1214,variant,new,True,True,True,False,False
variant_1215,variant,new,False,False,False,False,False
variant_1216,variant,returning,False,False,False,False,False
variant_1217,variant,returning,True,True,False,False,False
variant_1218,variant,new,False,False,False,False,False
variant_1219,variant,new,False,False,False,False,False
variant_1220,variant,new,True,False,False,False,False
variant_1221,variant,new,False,False,False,False,False
variant_1222,variant,new,True,True,True,False,False
variant_1223,variant,new,False,False,False,False,False
variant_1224,variant,returning,True,True,True,True,False
variant_1225,variant,returning,False,False,False,False,False
variant_1226,variant,new,True,False,False,False,False
variant_1227,variant,returning,True,False,False,False,False
variant_1228,variant,returning,False,False,False,False,False
variant_1229,variant,new,True,True,True,True,False
variant_1230,variant,returning,True,True,True,False,False
variant_1231,variant,new,True,False,False,False,False
variant_1232,variant,new,True,False,False,False,False
variant_1233,variant,new,True,True,True,False,False
variant_1234,variant,new,True,True,False,False,False
variant_1235,variant,returning,True,True,True,False,False
variant_1236,variant,returning,True,True,True,True,False
variant_1237,variant,new,False,False,False,False,False
variant_1238,variant,new,True,False,False,False,False
variant_1239,variant,returning,True,True,True,False,False
variant_1240,variant,returning,True,True,True,True,False
variant_1241,variant,returning,False,False,False,False,False
variant_1242,variant,new,True,True,True,False,False
variant_1243,variant,new,True,True,True,False,False
variant_1244,variant,new,False,False,False,False,False
variant_1245,variant,returning,True,True,True,False,False
variant_1246,variant,returning,False,False,False,False,False
variant_1247,variant,returning,True,False,False,False,False
variant_1248,variant,new,False,False,False,False,False
variant_1249,variant,returning,True,False,False,False,False
variant_1250,variant,returning,True,True,True,False,False
variant_1251,variant,returning,True,True,True,False,False
variant_1252,variant,returning,True,True,True,True,False
variant_1253,variant,new,False,False,False,False,False
variant_1254,variant,new,True,True,True,False,False
variant_1255,variant,new,True,False,False,False,False
variant_1256,variant,new,True,True,True,False,False
variant_1257,variant,new,False,False,False,False,False
variant_1258,variant,returning,False,False,False,False,False
variant_1259,variant,new,True,True,True,False,False
variant_1260,variant,new,True,False,False,False,False
variant_1261,variant,new,False,False,False,False,False
variant_1262,variant,returning,False,False,False,False,False
variant_1263,variant,returning,True,True,True,True,False
variant_1264,variant,new,True,True,True,False,False
variant_1265,variant,returning,False,False,False,False,False
variant_1266,variant,returning,True,True,True,False,False
variant_1267,variant,returning,False,False,False,False,False
variant_1268,variant,returning,False,False,False,False,False
variant_1269,variant,returning,False,False,False,False,False
variant_1270,variant,returning,False,False,False,False,False
variant_1271,variant,new,False,False,False,False,False
variant_1272,variant,returning,True,True,True,True,False
variant_1273,variant,new,False,False,False,False,False
variant_1274,variant,new,True,True,True,False,False
variant_1275,variant,returning,True,True,True,False,False
variant_1276,variant,returning,True,True,True,False,False
variant_1277,variant,returning,True,False,False,False,False
variant_1278,variant,returning,True,True,True,False,False
variant_1279,variant,returning,True,True,True,True,False
variant_1280,variant,new,True,True,True,False,False
variant_1281,variant,returning,True,True,False,False,False
variant_1282,variant,new,True,True,True,True,False
variant_1283,variant,new,True,True,False,False,False
variant_1284,variant,new,True,False,False,False,False
variant_1285,variant,new,True,True,True,True,False
variant_1286,variant,returning,False,False,False,False,False
variant_1287,variant,returning,True,True,False,False,False
variant_1288,variant,new,True,True,True,False,False
variant_1289,variant,returning,True,True,True,True,False
variant_1290,variant,returning,True,True,False,False,False
variant_1291,variant,returning,True,True,True,False,False
variant_1292,variant,new,False,False,False,False,False
variant_1293,variant,returning,True,True,True,False,False
variant_1294,variant,returning,False,False,False,False,False
variant_1295,variant,new,True,True,True,True,False
variant_1296,variant,new,True,True,True,False,False
variant_1297,variant,new,True,True,True,False,False
variant_1298,variant,new,False,False,False,False,False
variant_1299,variant,new,False,False,False,False,False
variant_1300,variant,returning,True,False,False,False,False
variant_1301,variant,new,True,True,True,False,False
variant_1302,variant,returning,True,True,True,False,False
variant_1303,variant,new,True,False,False,False,False
variant_1304,variant,new,True,True,True,False,False
variant_1305,variant,returning,False,False,False,False,False
variant_1306,variant,returning,True,True,True,False,False
variant_1307,variant,returning,True,True,True,True,False
variant_1308,variant,returning,True,False,False,False,False
variant_1309,variant,returning,True,False,False,False,False
variant_1310,variant,returning,False,False,False,False,False
variant_1311,variant,returning,True,False,False,False,False
variant_1312,variant,new,True,False,False,False,False
variant_1313,variant,new,True,True,True,False,False
variant_1314,variant,returning,False,False,False,False,False
variant_1315,variant,new,True,True,True,False,False
variant_1316,variant,new,True,False,False,False,False
variant_1317,variant,new,True,False,False,False,False
variant_1318,variant,returning,False,False,False,False,False
variant_1319,variant,new,True,True,False,False,False
variant_1320,variant,returning,False,False,False,False,False
variant_1321,variant,returning,False,False,False,False,False
variant_1322,variant,returning,True,True,True,True,False
variant_1323,variant,new,True,True,True,False,False
variant_1324,variant,returning,False,False,False,False,False
variant_1325,variant,returning,True,True,True,False,False
variant_1326,variant,new,False,False,False,False,False
variant_1327,variant,returning,False,False,False,False,False
variant_1328,variant,new,True,False,False,False,False
variant_1329,variant,returning,True,False,False,False,False
variant_1330,variant,returning,True,True,False,False,False
variant_1331,variant,new,True,True,True,True,False
variant_1332,variant,returning,True,True,True,False,False
variant_1333,variant,new,True,True,True,False,False
variant_1334,variant,returning,True,False,False,False,False
variant_1335,variant,returning,False,False,False,False,False
variant_1336,variant,new,True,False,False,False,False
variant_1337,variant,returning,True,False,False,False,False
variant_1338,variant,returning,True,True,True,False,False
variant_1339,variant,new,True,False,False,False,False
variant_1340,variant,returning,True,False,False,False,False
variant_1341,variant,new,False,False,False,False,False
variant_1342,variant,new,True,True,False,False,False
variant_1343,variant,new,True,True,True,False,False
variant_1344,variant,new,True,True,True,True,False
variant_1345,variant,new,True,True,True,True,False
variant_1346,variant,new,True,True,True,False,False
variant_1347,variant,returning,True,True,True,False,False
variant_1348,variant,new,True,True,True,True,False
variant_1349,variant,returning,True,True,True,False,False
variant_1350,variant,new,True,True,True,False,False
variant_1351,variant,new,True,False,False,False,False
variant_1352,variant,returning,True,True,True,False,False
variant_1353,variant,new,False,False,False,False,False
variant_1354,variant,new,True,True,True,False,False
variant_1355,variant,returning,True,False,False,False,False
variant_1356,variant,new,False,False,False,False,False
variant_1357,variant,new,True,False,False,False,False
variant_1358,variant,returning,True,True,True,False,False
variant_1359,variant,new,False,False,False,False,False
variant_1360,variant,returning,True,True,True,False,False
variant_1361,variant,new,True,True,False,False,False
variant_1362,variant,new,True,True,True,False,False
variant_1363,variant,new,False,False,False,False,False
variant_1364,variant,new,True,True,True,False,False
variant_1365,variant,returning,True,True,True,False,False
variant_1366,variant,returning,True,True,True,False,False
variant_1367,variant,returning,True,False,False,False,False
variant_1368,variant,new,True,True,True,False,False
variant_1369,variant,returning,True,True,True,False,False
variant_1370,variant,returning,True,True,True,False,False
variant_1371,variant,new,True,True,True,False,False
variant_1372,variant,new,True,False,False,False,False
variant_1373,variant,new,True,True,True,False,False
variant_1374,variant,new,True,True,False,False,False
variant_1375,variant,new,True,True,True,True,False
variant_1376,variant,new,True,True,True,True,False
variant_1377,variant,returning,True,True,True,True,False
variant_1378,variant,new,False,False,False,False,False
variant_1379,variant,new,True,True,True,False,False
variant_1380,variant,returning,True,True,True,False,False
variant_1381,variant,new,False,False,False,False,False
variant_1382,variant,new,True,True,True,False,False
variant_1383,variant,new,True,True,True,False,False
variant_1384,variant,returning,True,True,True,False,False
variant_1385,variant,new,False,False,False,False,False
variant_1386,variant,returning,True,True,True,False,False
variant_1387,variant,returning,True,False,False,False,False
variant_1388,variant,returning,True,True,True,False,False
variant_1389,variant,returning,True,False,False,False,False
variant_1390,variant,returning,True,True,True,False,False
variant_1391,variant,returning,False,False,False,False,False
variant_1392,variant,new,False,False,False,False,False
variant_1393,variant,new,True,True,True,False,False
variant_1394,variant,new,False,False,False,False,False
variant_1395,variant,new,False,False,False,False,False
variant_1396,variant,new,False,False,False,False,False
variant_1397,variant,returning,False,False,False,False,False
variant_1398,variant,new,False,False,False,False,False
variant_1399,variant,new,True,True,True,False,False
variant_1400,variant,new,True,True,True,False,False
variant_1401,variant,returning,True,True,True,True,False
variant_1402,variant,new,True,True,True,False,False
variant_1403,variant,returning,False,False,False,False,False
variant_1404,variant,returning,False,False,False,False,False
variant_1405,variant,new,False,False,False,False,False
variant_1406,variant,returning,False,False,False,False,False
variant_1407,variant,returning,True,True,True,False,False
variant_1408,variant,returning,True,False,False,False,False
variant_1409,variant,returning,True,False,False,False,False
variant_1410,variant,new,True,True,True,False,False
variant_1411,variant,returning,False,False,False,False,False
variant_1412,variant,returning,True,True,True,False,False
variant_1413,variant,returning,True,True,True,False,False
variant_1414,variant,returning,True,False,False,False,False
variant_1415,variant,returning,True,True,True,False,False
variant_1416,variant,new,False,False,False,False,False
variant_1417,variant,new,False,False,False,False,False
variant_1418,variant,new,True,True,True,False,False
variant_1419,variant,returning,False,False,False,False,False
variant_1420,variant,new,True,False,False,False,False
variant_1421,variant,returning,True,True,True,False,False
variant_1422,variant,new,True,True,True,False,False
variant_1423,variant,new,False,False,False,False,False
variant_1424,variant,new,False,False,False,False,False
variant_1425,variant,new,True,False,False,False,False
variant_1426,variant,returning,True,True,True,False,False
variant_1427,variant,new,False,False,False,False,False
variant_1428,variant,new,False,False,False,False,False
variant_1429,variant,new,True,True,True,False,False
variant_1430,variant,new,True,True,False,False,False
variant_1431,variant,new,True,True,True,False,False
variant_1432,variant,new,False,False,False,False,False
variant_1433,variant,returning,True,True,True,False,False
variant_1434,variant,returning,True,True,True,False,False
variant_1435,variant,returning,False,False,False,False,False
variant_1436,variant,new,True,False,False,False,False
variant_1437,variant,new,True,True,True,False,False
variant_1438,variant,new,False,False,False,False,False
variant_1439,variant,returning,True,False,False,False,False
variant_1440,variant,new,True,True,True,True,False
variant_1441,variant,new,True,False,False,False,False
variant_1442,variant,new,True,True,True,False,False
variant_1443,variant,new,True,True,True,False,False
variant_1444,variant,new,True,True,True,False,False
variant_1445,variant,returning,True,True,True,False,False
variant_1446,variant,returning,True,True,True,False,False
variant_1447,variant,new,False,False,False,False,False
variant_1448,variant,new,True,True,False,False,False
variant_1449,variant,new,False,False,False,False,False
variant_1450,variant,new,False,False,False,False,False
variant_1451,variant,new,True,True,True,False,False
variant_1452,variant,new,True,True,True,False,False
variant_1453,variant,new,True,True,True,False,False
variant_1454,variant,new,True,True,True,False,False
variant_1455,variant,returning,True,True,True,False,False
variant_1456,variant,returning,True,True,True,False,False
variant_1457,variant,new,False,False,False,False,False
variant_1458,variant,new,True,True,True,False,False
variant_1459,variant,returning,True,False,False,False,False
variant_1460,variant,new,False,False,False,False,False
variant_1461,variant,returning,False,False,False,False,False
variant_1462,variant,new,False,False,False,False,False
variant_1463,variant,returning,True,True,True,False,False
variant_1464,variant,new,True,True,True,False,False
variant_1465,variant,new,True,True,True,False,False
variant_1466,variant,returning,True,True,True,False,False
variant_1467,variant,returning,True,True,True,False,False
variant_1468,variant,new,False,False,False,False,False
variant_1469,variant,returning,True,False,False,False,False
variant_1470,variant,returning,False,False,False,False,False
variant_1471,variant,new,True,True,True,False,False
variant_1472,variant,new,True,True,True,False,False
variant_1473,variant,new,False,False,False,False,False
variant_1474,variant,returning,True,True,True,True,False
variant_1475,variant,new,True,True,True,False,False
variant_1476,variant,new,True,True,False,False,False
variant_1477,variant,new,True,True,True,True,False
variant_1478,variant,new,True,True,True,False,False
variant_1479,variant,new,False,False,False,False,False
variant_1480,variant,new,True,True,True,True,False
variant_1481,variant,new,False,False,False,False,False
variant_1482,variant,new,False,False,False,False,False
variant_1483,variant,new,False,False,False,False,False
variant_1484,variant,new,False,False,False,False,False
variant_1485,variant,new,True,True,True,False,False
variant_1486,variant,returning,True,True,True,True,False
variant_1487,variant,new,False,False,False,False,False
variant_1488,variant,new,True,True,True,False,False
variant_1489,variant,new,True,True,True,False,False
variant_1490,variant,returning,True,True,True,True,False
variant_1491,variant,returning,True,True,True,False,False
variant_1492,variant,returning,True,True,True,False,False
variant_1493,variant,new,False,False,False,False,False
variant_1494,variant,new,True,True,True,False,False
variant_1495,variant,new,True,True,True,False,False
variant_1496,variant,new,True,True,True,False,False
variant_1497,variant,returning,True,True,True,False,False
variant_1498,variant,new,True,True,True,False,False
variant_1499,variant,returning,True,True,True,False,False
variant_1500,variant,returning,False,False,False,False,False
variant_1501,variant,returning,True,True,True,False,False
variant_1502,variant,new,True,True,True,False,False
variant_1503,variant,returning,True,True,True,False,False
variant_1504,variant,new,True,True,True,False,False
variant_1505,variant,new,True,True,False,False,False
variant_1506,variant,new,True,True,True,False,False
variant_1507,variant,returning,True,True,True,True,False
variant_1508,variant,returning,True,True,True,False,False
variant_1509,variant,new,True,True,True,True,False
variant_1510,variant,returning,True,True,True,False,False
variant_1511,variant,new,True,True,True,False,False
variant_1512,variant,returning,True,True,False,False,False
variant_1513,variant,new,True,True,True,False,False
variant_1514,variant,new,True,True,True,False,False
variant_1515,variant,new,False,False,False,False,False
variant_1516,variant,returning,True,True,False,False,False
variant_1517,variant,returning,True,True,True,False,False
variant_1518,variant,new,True,True,True,True,False
variant_1519,variant,new,False,False,False,False,False
variant_1520,variant,new,True,True,True,False,False
variant_1521,variant,returning,False,False,False,False,False
variant_1522,variant,new,False,False,False,False,False
variant_1523,variant,new,True,True,True,True,False
variant_1524,variant,new,True,True,True,True,False
variant_1525,variant,new,True,True,True,True,False
variant_1526,variant,returning,False,False,False,False,False
variant_1527,variant,new,True,True,True,False,False
variant_1528,variant,new,False,False,False,False,False
variant_1529,variant,new,True,False,False,False,False
variant_1530,variant,new,False,False,False,False,False
variant_1531,variant,new,True,True,True,False,False
variant_1532,variant,new,True,True,True,True,False
variant_1533,variant,returning,True,True,True,False,False
variant_1534,variant,new,False,False,False,False,False
variant_1535,variant,new,True,True,False,False,False
variant_1536,variant,new,True,True,True,True,False
variant_1537,variant,new,True,True,True,False,False
variant_1538,variant,new,True,False,False,False,False
variant_1539,variant,returning,True,True,True,False,False
variant_1540,variant,new,False,False,False,False,False
variant_1541,variant,returning,True,True,False,False,False
variant_1542,variant,new,False,False,False,False,False
variant_1543,variant,new,False,False,False,False,False
variant_1544,variant,new,False,False,False,False,False
variant_1545,variant,returning,True,False,False,False,False
variant_1546,variant,new,True,True,True,False,False
variant_1547,variant,returning,True,True,True,False,False
variant_1548,variant,new,True,True,True,True,False
variant_1549,variant,returning,True,False,False,False,False
variant_1550,variant,new,False,False,False,False,False
variant_1551,variant,new,True,True,True,False,False
variant_1552,variant,returning,True,True,True,False,False
variant_1553,variant,new,True,True,False,False,False
variant_1554,variant,new,False,False,False,False,False
variant_1555,variant,new,True,True,True,False,False
variant_1556,variant,returning,False,False,False,False,False
variant_1557,variant,returning,True,True,True,True,False
variant_1558,variant,new,True,True,True,True,False
variant_1559,variant,new,False,False,False,False,False
variant_1560,variant,new,True,True,True,False,False
variant_1561,variant,new,True,True,True,True,False
variant_1562,variant,new,False,False,False,False,False
variant_1563,variant,new,True,True,False,False,False
variant_1564,variant,new,True,False,False,False,False
variant_1565,variant,new,False,False,False,False,False
variant_1566,variant,new,True,True,True,False,False
variant_1567,variant,new,False,False,False,False,False
variant_1568,variant,new,False,False,False,False,False
variant_1569,variant,new,True,True,True,False,False
variant_1570,variant,returning,True,False,False,False,False
variant_1571,variant,new,True,True,True,False,False
variant_1572,variant,new,True,False,False,False,False
variant_1573,variant,returning,True,True,True,False,False
variant_1574,variant,new,False,False,False,False,False
variant_1575,variant,new,False,False,False,False,False
variant_1576,variant,returning,False,False,False,False,False
variant_1577,variant,returning,False,False,False,False,False
variant_1578,variant,returning,True,True,True,True,False
variant_1579,variant,returning,True,True,True,True,True
variant_1580,variant,returning,True,True,True,False,False
variant_1581,variant,new,True,True,True,False,False
variant_1582,variant,new,False,False,False,False,False
variant_1583,variant,new,False,False,False,False,False
variant_1584,variant,new,False,False,False,False,False
variant_1585,variant,returning,True,True,True,False,False
variant_1586,variant,new,True,False,False,False,False
variant_1587,variant,returning,True,True,False,False,False
variant_1588,variant,new,True,True,False,False,False
variant_1589,variant,new,True,True,True,False,False
variant_1590,variant,returning,False,False,False,False,False
variant_1591,variant,new,True,True,True,False,False
variant_1592,variant,new,True,True,True,False,False
variant_1593,variant,new,False,False,False,False,False
variant_1594,variant,new,True,True,True,False,False
variant_1595,variant,new,True,True,False,False,False
variant_1596,variant,returning,False,False,False,False,False
variant_1597,variant,returning,False,False,False,False,False
variant_1598,variant,returning,True,True,True,False,False
variant_1599,variant,returning,True,True,True,True,False
variant_1600,variant,returning,True,True,True,False,False
variant_1601,variant,new,True,False,False,False,False
variant_1602,variant,returning,True,True,True,False,False
variant_1603,variant,returning,True,True,True,False,False
variant_1604,variant,new,True,True,True,False,False
variant_1605,variant,new,True,True,True,False,False
variant_1606,variant,returning,True,False,False,False,False
variant_1607,variant,returning,True,True,True,False,False
variant_1608,variant,returning,False,False,False,False,False
variant_1609,variant,new,True,True,True,False,False
variant_1610,variant,returning,True,True,True,False,False
variant_1611,variant,new,True,True,True,True,False
variant_1612,variant,returning,True,True,True,False,False
variant_1613,variant,returning,True,False,False,False,False
variant_1614,variant,returning,False,False,False,False,False
variant_1615,variant,returning,True,True,True,False,False
variant_1616,variant,new,True,True,True,False,False
variant_1617,variant,returning,True,True,True,False,False
variant_1618,variant,returning,False,False,False,False,False
variant_1619,variant,new,True,True,True,False,False
variant_1620,variant,new,True,True,False,False,False
variant_1621,variant,returning,True,True,True,False,False
variant_1622,variant,new,False,False,False,False,False
variant_1623,variant,new,True,True,True,False,False
variant_1624,variant,new,True,True,True,True,False
variant_1625,variant,new,True,True,True,False,False
variant_1626,variant,new,False,False,False,False,False
variant_1627,variant,returning,True,False,False,False,False
variant_1628,variant,new,True,True,False,False,False
variant_1629,variant,returning,False,False,False,False,False
variant_1630,variant,new,True,False,False,False,False
variant_1631,variant,returning,True,True,True,False,False
variant_1632,variant,new,True,True,True,False,False
variant_1633,variant,returning,True,True,False,False,False
variant_1634,variant,returning,True,False,False,False,False
variant_1635,variant,returning,True,True,True,False,False
variant_1636,variant,new,True,True,True,True,False
variant_1637,variant,new,True,True,True,True,False
variant_1638,variant,new,True,True,True,False,False
variant_1639,variant,new,True,True,True,False,False
variant_1640,variant,new,True,True,True,False,False
variant_1641,variant,returning,True,True,True,True,False
variant_1642,variant,new,True,True,True,False,False
variant_1643,variant,new,True,True,True,False,False
variant_1644,variant,new,True,True,True,False,False
variant_1645,variant,new,False,False,False,False,False
variant_1646,variant,returning,True,True,True,False,False
variant_1647,variant,new,True,True,True,False,False
variant_1648,variant,new,True,True,True,True,False
variant_1649,variant,new,False,False,False,False,False
variant_1650,variant,returning,True,True,True,False,False
variant_1651,variant,returning,False,False,False,False,False
variant_1652,variant,new,False,False,False,False,False
variant_1653,variant,new,True,True,True,True,False
variant_1654,variant,returning,False,False,False,False,False
variant_1655,variant,returning,True,True,True,False,False
variant_1656,variant,new,True,True,True,False,False
variant_1657,variant,new,True,True,True,True,False
variant_1658,variant,new,True,True,True,True,False
variant_1659,variant,returning,False,False,False,False,False
variant_1660,variant,new,True,False,False,False,False
variant_1661,variant,returning,True,True,True,False,False
variant_1662,variant,returning,True,True,True,False,False
variant_1663,variant,returning,True,True,True,False,False
variant_1664,variant,returning,True,True,True,False,False
variant_1665,variant,new,False,False,False,False,False
variant_1666,variant,returning,False,False,False,False,False
variant_1667,variant,returning,True,True,True,False,False
variant_1668,variant,returning,True,True,True,False,False
variant_1669,variant,new,False,False,False,False,False
variant_1670,variant,new,True,True,True,False,False
variant_1671,variant,returning,True,False,False,False,False
variant_1672,variant,new,False,False,False,False,False
variant_1673,variant,returning,False,False,False,False,False
variant_1674,variant,new,False,False,False,False,False
variant_1675,variant,new,True,True,True,False,False
variant_1676,variant,returning,True,False,False,False,False
variant_1677,variant,returning,True,True,True,False,False
variant_1678,variant,new,True,False,False,False,False
variant_1679,variant,new,True,True,True,True,False
variant_1680,variant,new,True,False,False,False,False
variant_1681,variant,new,True,True,True,False,False
variant_1682,variant,new,True,True,True,False,False
variant_1683,variant,new,True,True,True,True,False
variant_1684,variant,new,True,True,True,False,False
variant_1685,variant,new,True,True,True,True,False
variant_1686,variant,returning,True,True,True,False,False
variant_1687,variant,returning,False,False,False,False,False
variant_1688,variant,new,True,True,True,False,False
variant_1689,variant,returning,False,False,False,False,False
variant_1690,variant,new,True,True,True,False,False
variant_1691,variant,new,True,True,True,False,False
variant_1692,variant,new,True,True,True,False,False
variant_1693,variant,returning,True,True,True,False,False
variant_1694,variant,new,True,True,True,False,False
variant_1695,variant,new,True,True,True,False,False
variant_1696,variant,returning,True,True,True,False,False
variant_1697,variant,returning,False,False,False,False,False
variant_1698,variant,returning,True,True,True,False,False
variant_1699,variant,returning,True,True,True,False,False
variant_1700,variant,returning,False,False,False,False,False
variant_1701,variant,new,True,False,False,False,False
variant_1702,variant,returning,True,True,True,False,False
variant_1703,variant,new,True,False,False,False,False
variant_1704,variant,new,True,True,False,False,False
variant_1705,variant,returning,True,True,True,False,False
variant_1706,variant,new,False,False,False,False,False
variant_1707,variant,new,True,True,True,False,False
variant_1708,variant,new,True,True,True,True,False
variant_1709,variant,returning,False,False,False,False,False
variant_1710,variant,returning,True,True,False,False,False
variant_1711,variant,new,False,False,False,False,False
variant_1712,variant,new,False,False,False,False,False
variant_1713,variant,returning,True,True,True,False,False
variant_1714,variant,returning,True,True,True,True,False
variant_1715,variant,new,True,False,False,False,False
variant_1716,variant,new,True,False,False,False,False
variant_1717,variant,new,True,False,False,False,False
variant_1718,variant,new,True,False,False,False,False
variant_1719,variant,returning,True,True,True,False,False
variant_1720,variant,new,True,True,True,False,False
variant_1721,variant,returning,False,False,False,False,False
variant_1722,variant,returning,True,False,False,False,False
variant_1723,variant,returning,True,True,True,False,False
variant_1724,variant,returning,True,True,True,False,False
variant_1725,variant,new,True,True,True,False,False
variant_1726,variant,new,True,False,False,False,False
variant_1727,variant,new,True,True,True,False,False
variant_1728,variant,returning,True,False,False,False,False
variant_1729,variant,returning,True,False,False,False,False
variant_1730,variant,new,True,True,True,True,True
variant_1731,variant,returning,True,True,True,False,False
variant_1732,variant,new,True,True,True,False,False
variant_1733,variant,new,False,False,False,False,False
variant_1734,variant,new,True,True,True,True,False
variant_1735,variant,returning,True,True,True,False,False
variant_1736,variant,new,False,False,False,False,False
variant_1737,variant,new,True,True,True,False,False
variant_1738,variant,returning,True,True,True,False,False
variant_1739,variant,new,True,True,True,False,False
variant_1740,variant,new,True,True,True,False,False
variant_1741,variant,new,True,True,True,False,False
variant_1742,variant,new,True,True,True,True,False
variant_1743,variant,new,False,False,False,False,False
variant_1744,variant,new,True,True,True,False,False
variant_1745,variant,returning,True,True,True,False,False
variant_1746,variant,returning,False,False,False,False,False
variant_1747,variant,returning,True,True,True,False,False
variant_1748,variant,new,False,False,False,False,False
variant_1749,variant,new,False,False,False,False,False
variant_1750,variant,new,False,False,False,False,False
variant_1751,variant,new,True,True,True,True,False
variant_1752,variant,returning,True,True,True,False,False
variant_1753,variant,new,False,False,False,False,False
variant_1754,variant,returning,True,True,True,False,False
variant_1755,variant,returning,True,True,True,False,False
variant_1756,variant,new,True,True,True,False,False
variant_1757,variant,returning,True,True,True,False,False
variant_1758,variant,new,False,False,False,False,False
variant_1759,variant,returning,False,False,False,False,False
variant_1760,variant,returning,True,True,True,False,False
variant_1761,variant,new,True,False,False,False,False
variant_1762,variant,new,True,True,True,False,False
variant_1763,variant,new,True,True,False,False,False
variant_1764,variant,returning,True,False,False,False,False
variant_1765,variant,new,True,True,True,False,False
variant_1766,variant,returning,True,True,True,False,False
variant_1767,variant,new,False,False,False,False,False
variant_1768,variant,returning,True,True,True,False,False
variant_1769,variant,new,True,True,True,False,False
variant_1770,variant,returning,False,False,False,False,False
variant_1771,variant,returning,True,False,False,False,False
variant_1772,variant,new,True,False,False,False,False
variant_1773,variant,new,True,True,True,False,False
variant_1774,variant,new,True,True,False,False,False
variant_1775,variant,returning,True,True,True,False,False
variant_1776,variant,returning,False,False,False,False,False
variant_1777,variant,new,True,True,True,False,False
variant_1778,variant,returning,True,True,False,False,False
variant_1779,variant,returning,True,True,True,False,False
variant_1780,variant,returning,True,True,True,True,False
variant_1781,variant,new,True,True,True,True,False
variant_1782,variant,new,False,False,False,False,False
variant_1783,variant,returning,True,True,True,False,False
variant_1784,variant,returning,False,False,False,False,False
variant_1785,variant,returning,False,False,False,False,False
variant_1786,variant,returning,False,False,False,False,False
variant_1787,variant,new,True,True,True,False,False
variant_1788,variant,returning,True,True,True,False,False
variant_1789,variant,returning,True,True,True,True,False
variant_1790,variant,returning,True,True,True,False,False
variant_1791,variant,returning,True,True,True,False,False
variant_1792,variant,new,True,False,False,False,False
variant_1793,variant,new,True,True,True,False,False
variant_1794,variant,returning,True,True,True,False,False
variant_1795,variant,returning,False,False,False,False,False
variant_1796,variant,new,True,True,False,False,False
variant_1797,variant,returning,True,False,False,False,False
variant_1798,variant,new,True,True,True,False,False
variant_1799,variant,new,True,False,False,False,False
variant_1800,variant,returning,True,True,False,False,False
variant_1801,variant,returning,True,True,True,False,False
variant_1802,variant,returning,True,True,True,True,False
variant_1803,variant,returning,True,True,True,False,False
variant_1804,variant,new,True,True,True,False,False
variant_1805,variant,new,True,True,True,False,False
variant_1806,variant,returning,True,True,True,True,False
variant_1807,variant,new,True,True,True,False,False
variant_1808,variant,new,True,True,True,False,False
variant_1809,variant,new,False,False,False,False,False
variant_1810,variant,new,True,True,True,True,False
variant_1811,variant,new,True,True,True,False,False
variant_1812,variant,returning,False,False,False,False,False
variant_1813,variant,returning,True,True,True,False,False
variant_1814,variant,new,True,False,False,False,False
variant_1815,variant,new,False,False,False,False,False
variant_1816,variant,new,False,False,False,False,False
variant_1817,variant,returning,True,True,True,True,False
variant_1818,variant,new,True,True,True,False,False
variant_1819,variant,new,False,False,False,False,False
variant_1820,variant,returning,True,True,False,False,False
variant_1821,variant,new,True,False,False,False,False
variant_1822,variant,returning,False,False,False,False,False
variant_1823,variant,returning,False,False,False,False,False
variant_1824,variant,new,True,True,True,False,False
variant_1825,variant,new,True,True,True,True,False
variant_1826,variant,new,True,True,True,False,False
variant_1827,variant,returning,False,False,False,False,False
variant_1828,variant,returning,True,True,True,True,False
variant_1829,variant,returning,False,False,False,False,False
variant_1830,variant,returning,True,False,False,False,False
variant_1831,variant,returning,False,False,False,False,False
variant_1832,variant,new,True,True,True,False,False
variant_1833,variant,new,True,True,True,False,False
variant_1834,variant,returning,False,False,False,False,False
variant_1835,variant,returning,True,True,True,False,False
variant_1836,variant,new,True,True,True,False,False
variant_1837,variant,new,True,True,True,False,False
variant_1838,variant,new,False,False,False,False,False
variant_1839,variant,new,True,True,True,True,False
variant_1840,variant,returning,True,False,False,False,False
variant_1841,variant,returning,True,True,True,False,False
variant_1842,variant,returning,False,False,False,False,False
variant_1843,variant,new,False,False,False,False,False
variant_1844,variant,returning,True,True,True,True,False
variant_1845,variant,new,True,True,True,False,False
variant_1846,variant,new,True,True,True,False,False
variant_1847,variant,returning,True,True,True,False,False
variant_1848,variant,returning,True,True,True,False,False
variant_1849,variant,returning,True,True,True,False,False
variant_1850,variant,new,True,False,False,False,False
variant_1851,variant,new,True,True,True,True,False
variant_1852,variant,returning,True,True,True,False,False
variant_1853,variant,returning,False,False,False,False,False
variant_1854,variant,new,True,True,True,False,False
variant_1855,variant,new,False,False,False,False,False
variant_1856,variant,new,False,False,False,False,False
variant_1857,variant,new,True,True,True,False,False
variant_1858,variant,new,True,True,False,False,False
variant_1859,variant,returning,True,True,True,False,False
variant_1860,variant,new,True,True,True,False,False
variant_1861,variant,returning,True,True,True,False,False
variant_1862,variant,returning,True,True,True,False,False
variant_1863,variant,new,True,False,False,False,False
variant_1864,variant,new,False,False,False,False,False
variant_1865,variant,returning,True,True,True,False,False
variant_1866,variant,new,True,True,True,False,False
variant_1867,variant,returning,True,True,True,True,False
variant_1868,variant,new,False,False,False,False,False
variant_1869,variant,new,False,False,False,False,False
variant_1870,variant,returning,True,True,False,False,False
variant_1871,variant,new,False,False,False,False,False
variant_1872,variant,new,True,True,True,False,False
variant_1873,variant,returning,True,True,True,False,False
variant_1874,variant,new,False,False,False,False,False
variant_1875,variant,new,True,True,True,True,False
variant_1876,variant,returning,True,True,True,False,False
variant_1877,variant,new,True,True,True,False,False
variant_1878,variant,returning,True,True,True,True,False
variant_1879,variant,returning,True,True,True,False,False
variant_1880,variant,returning,True,True,True,False,False
variant_1881,variant,new,True,True,True,False,False
variant_1882,variant,new,True,True,True,False,False
variant_1883,variant,returning,True,True,True,False,False
variant_1884,variant,returning,True,True,True,False,False
variant_1885,variant,new,False,False,False,False,False
variant_1886,variant,new,True,False,False,False,False
variant_1887,variant,new,True,True,True,False,False
variant_1888,variant,new,False,False,False,False,False
variant_1889,variant,returning,False,False,False,False,False
variant_1890,variant,returning,True,True,True,False,False
variant_1891,variant,new,False,False,False,False,False
variant_1892,variant,returning,True,True,True,False,False
variant_1893,variant,returning,True,False,False,False,False
variant_1894,variant,returning,True,True,True,True,False
variant_1895,variant,returning,True,True,True,False,False
variant_1896,variant,new,True,True,False,False,False
variant_1897,variant,returning,False,False,False,False,False
variant_1898,variant,new,True,True,True,True,False
variant_1899,variant,new,False,False,False,False,False
variant_1900,variant,new,True,True,True,False,False
variant_1901,variant,new,True,True,True,False,False
variant_1902,variant,returning,True,True,True,False,False
variant_1903,variant,new,True,True,True,False,False
variant_1904,variant,new,True,True,True,False,False
variant_1905,variant,new,True,True,True,True,False
variant_1906,variant,new,False,False,False,False,False
variant_1907,variant,new,True,True,True,False,False
variant_1908,variant,new,True,True,True,True,False
variant_1909,variant,returning,True,True,True,True,False
variant_1910,variant,returning,True,True,False,False,False
variant_1911,variant,new,True,True,True,True,False
variant_1912,variant,returning,True,True,True,False,False
variant_1913,variant,returning,True,False,False,False,False
variant_1914,variant,new,True,True,True,False,False
variant_1915,variant,new,True,True,True,False,False
variant_1916,variant,new,True,True,False,False,False
variant_1917,variant,new,True,True,True,False,False
variant_1918,variant,returning,True,True,False,False,False
variant_1919,variant,new,True,True,True,False,False
variant_1920,variant,new,True,True,True,False,False
variant_1921,variant,new,True,False,False,False,False
variant_1922,variant,returning,True,True,True,False,False
variant_1923,variant,returning,False,False,False,False,False
variant_1924,variant,new,False,False,False,False,False
variant_1925,variant,new,True,True,True,False,False
variant_1926,variant,returning,True,True,True,False,False
variant_1927,variant,new,False,False,False,False,False
variant_1928,variant,new,True,True,True,False,False
variant_1929,variant,returning,False,False,False,False,False
variant_1930,variant,new,True,True,True,False,False
variant_1931,variant,new,True,True,False,False,False
variant_1932,variant,new,False,False,False,False,False
variant_1933,variant,new,False,False,False,False,False
variant_1934,variant,returning,True,True,True,False,False
variant_1935,variant,new,True,True,True,False,False
variant_1936,variant,new,True,True,True,False,False
variant_1937,variant,returning,True,True,True,False,False
variant_1938,variant,returning,False,False,False,False,False
variant_1939,variant,new,True,False,False,False,False
variant_1940,variant,returning,True,True,True,False,False
variant_1941,variant,returning,True,True,True,False,False
variant_1942,variant,new,False,False,False,False,False
variant_1943,variant,new,True,True,True,False,False
variant_1944,variant,returning,True,True,False,False,False
variant_1945,variant,new,False,False,False,False,False
variant_1946,variant,new,False,False,False,False,False
variant_1947,variant,new,True,True,True,False,False
variant_1948,variant,new,True,True,True,True,False
variant_1949,variant,new,False,False,False,False,False
variant_1950,variant,new,True,True,True,False,False
variant_1951,variant,returning,True,True,True,False,False
variant_1952,variant,returning,True,False,False,False,False
variant_1953,variant,new,False,False,False,False,False
variant_1954,variant,new,False,False,False,False,False
variant_1955,variant,returning,True,True,True,False,False
variant_1956,variant,returning,True,True,True,True,False
variant_1957,variant,returning,True,False,False,False,False
variant_1958,variant,new,True,True,True,False,False
variant_1959,variant,new,False,False,False,False,False
variant_1960,variant,new,True,True,True,False,False
variant_1961,variant,returning,True,True,True,False,False
variant_1962,variant,returning,True,True,True,False,False
variant_1963,variant,new,True,True,True,True,False
variant_1964,variant,returning,True,True,True,False,False
variant_1965,variant,returning,True,False,False,False,False
variant_1966,variant,returning,True,True,False,False,False
variant_1967,variant,new,True,True,True,False,False
variant_1968,variant,new,True,True,True,False,False
variant_1969,variant,returning,True,True,True,True,False
variant_1970,variant,new,True,True,False,False,False
variant_1971,variant,new,True,True,True,False,False
variant_1972,variant,new,True,True,True,True,False
variant_1973,variant,new,False,False,False,False,False
variant_1974,variant,new,True,False,False,False,False
variant_1975,variant,new,True,False,False,False,False
variant_1976,variant,returning,True,True,True,False,False
variant_1977,variant,new,True,True,True,False,False
variant_1978,variant,returning,True,True,True,True,False
variant_1979,variant,returning,True,True,True,False,False
variant_1980,variant,returning,True,True,True,False,False
variant_1981,variant,returning,True,True,True,False,False
variant_1982,variant,returning,True,False,False,False,False
variant_1983,variant,new,True,False,False,False,False
variant_1984,variant,new,True,True,True,False,False
variant_1985,variant,returning,True,True,True,False,False
variant_1986,variant,new,True,True,True,False,False
variant_1987,variant,returning,True,True,True,False,False
variant_1988,variant,new,False,False,False,False,False
variant_1989,variant,new,False,False,False,False,False
variant_1990,variant,returning,True,True,False,False,False
variant_1991,variant,returning,False,False,False,False,False
variant_1992,variant,new,True,True,False,False,False
variant_1993,variant,returning,True,True,True,True,False
variant_1994,variant,new,False,False,False,False,False
variant_1995,variant,new,True,True,True,False,False
variant_1996,variant,returning,True,True,True,False,False
variant_1997,variant,new,True,False,False,False,False
variant_1998,variant,new,False,False,False,False,False
variant_1999,variant,new,True,True,False,False,False
variant_2000,variant,new,True,True,True,True,False
variant_2001,variant,returning,True,False,False,False,False
variant_2002,variant,new,False,False,False,False,False
variant_2003,variant,returning,True,True,False,False,False
variant_2004,variant,returning,True,True,True,False,False
variant_2005,variant,new,True,True,True,True,False
variant_2006,variant,returning,True,True,True,False,False
variant_2007,variant,new,True,True,False,False,False
variant_2008,variant,new,True,True,True,True,False
variant_2009,variant,returning,False,False,False,False,False
variant_2010,variant,returning,True,True,True,True,False
variant_2011,variant,new,True,True,True,False,False
variant_2012,variant,returning,False,False,False,False,False
variant_2013,variant,returning,True,True,True,False,False
variant_2014,variant,new,True,True,True,False,False
variant_2015,variant,returning,True,True,False,False,False
variant_2016,variant,new,True,False,False,False,False
variant_2017,variant,new,True,True,True,False,False
variant_2018,variant,new,True,True,True,True,False
variant_2019,variant,new,True,True,True,False,False
variant_2020,variant,returning,True,True,True,False,False
variant_2021,variant,new,True,False,False,False,False
variant_2022,variant,new,True,True,True,False,False
variant_2023,variant,new,False,False,False,False,False
variant_2024,variant,new,True,True,True,True,False
variant_2025,variant,new,False,False,False,False,False
variant_2026,variant,new,True,True,False,False,False
variant_2027,variant,new,True,True,True,True,False
variant_2028,variant,new,True,False,False,False,False
variant_2029,variant,new,False,False,False,False,False
variant_2030,variant,new,False,False,False,False,False
variant_2031,variant,new,True,True,True,False,False
variant_2032,variant,returning,True,True,True,False,False
variant_2033,variant,returning,True,True,True,False,False
variant_2034,variant,new,True,True,True,False,False
variant_2035,variant,new,False,False,False,False,False
variant_2036,variant,new,True,True,True,False,False
variant_2037,variant,new,True,True,True,False,False
variant_2038,variant,new,True,True,True,True,False
variant_2039,variant,returning,False,False,False,False,False
variant_2040,variant,new,True,True,True,False,False
variant_2041,variant,new,True,False,False,False,False
variant_2042,variant,returning,True,True,True,False,False
variant_2043,variant,returning,True,True,False,False,False
variant_2044,variant,new,True,True,True,False,False
variant_2045,variant,new,False,False,False,False,False
variant_2046,variant,new,True,True,True,True,False
variant_2047,variant,returning,False,False,False,False,False
variant_2048,variant,new,True,True,True,False,False
variant_2049,variant,new,False,False,False,False,False
variant_2050,variant,new,True,False,False,False,False
variant_2051,variant,new,False,False,False,False,False
variant_2052,variant,returning,True,True,True,False,False
variant_2053,variant,new,False,False,False,False,False
variant_2054,variant,new,True,True,True,False,False
variant_2055,variant,new,True,False,False,False,False
variant_2056,variant,returning,False,False,False,False,False
variant_2057,variant,new,True,True,True,False,False
variant_2058,variant,returning,True,True,True,True,False
variant_2059,variant,new,True,True,True,True,False
variant_2060,variant,new,True,False,False,False,False
variant_2061,variant,new,False,False,False,False,False
variant_2062,variant,new,False,False,False,False,False
variant_2063,variant,new,True,True,True,False,False
variant_2064,variant,new,True,True,True,False,False
variant_2065,variant,new,True,True,True,False,False
variant_2066,variant,new,True,True,True,False,False
variant_2067,variant,returning,False,False,False,False,False
variant_2068,variant,new,True,True,True,True,False
variant_2069,variant,returning,True,False,False,False,False
variant_2070,variant,returning,True,True,True,True,False
variant_2071,variant,returning,True,True,True,False,False
variant_2072,variant,new,True,True,True,False,False
variant_2073,variant,new,True,True,False,False,False
variant_2074,variant,returning,True,False,False,False,False
variant_2075,variant,new,False,False,False,False,False
variant_2076,variant,new,True,True,True,False,False
variant_2077,variant,new,False,False,False,False,False
variant_2078,variant,new,True,True,True,False,False
variant_2079,variant,new,True,True,True,False,False
variant_2080,variant,new,True,True,True,False,False
variant_2081,variant,returning,True,False,False,False,False
variant_2082,variant,new,False,False,False,False,False
variant_2083,variant,new,True,True,True,True,False
variant_2084,variant,returning,True,True,True,False,False
variant_2085,variant,new,True,True,True,False,False
variant_2086,variant,new,True,True,True,False,False
variant_2087,variant,new,True,False,False,False,False
variant_2088,variant,new,True,True,False,False,False
variant_2089,variant,new,True,True,True,False,False
variant_2090,variant,new,True,True,True,True,False
variant_2091,variant,returning,True,True,True,True,False
variant_2092,variant,returning,True,True,True,False,False
variant_2093,variant,new,True,True,True,False,False
variant_2094,variant,returning,True,True,False,False,False
variant_2095,variant,new,False,False,False,False,False
variant_2096,variant,returning,True,True,True,False,False
variant_2097,variant,new,True,False,False,False,False
variant_2098,variant,returning,True,True,True,False,False
variant_2099,variant,new,True,True,True,True,False
variant_2100,variant,new,True,True,True,False,False
variant_2101,variant,returning,True,True,True,False,False
variant_2102,variant,new,True,False,False,False,False
variant_2103,variant,new,False,False,False,False,False
variant_2104,variant,new,False,False,False,False,False
variant_2105,variant,returning,True,False,False,False,False
variant_2106,variant,new,True,True,True,False,False
variant_2107,variant,new,False,False,False,False,False
variant_2108,variant,returning,True,True,True,False,False
variant_2109,variant,new,False,False,False,False,False
variant_2110,variant,new,True,True,True,True,False
variant_2111,variant,returning,False,False,False,False,False
variant_2112,variant,returning,True,True,True,False,False
variant_2113,variant,returning,True,True,False,False,False
variant_2114,variant,new,True,False,False,False,False
variant_2115,variant,new,True,True,True,True,False
variant_2116,variant,returning,True,True,True,False,False
variant_2117,variant,new,True,True,True,False,False
variant_2118,variant,returning,True,True,True,True,False
variant_2119,variant,new,False,False,False,False,False
variant_2120,variant,returning,False,False,False,False,False
variant_2121,variant,new,False,False,False,False,False
variant_2122,variant,returning,False,False,False,False,False
variant_2123,variant,new,False,False,False,False,False
variant_2124,variant,returning,False,False,False,False,False
variant_2125,variant,new,True,True,False,False,False
variant_2126,variant,new,True,True,False,False,False
variant_2127,variant,new,False,False,False,False,False
variant_2128,variant,new,True,True,True,False,False
variant_2129,variant,new,True,True,False,False,False
variant_2130,variant,new,True,True,True,True,False
variant_2131,variant,returning,True,True,True,False,False
variant_2132,variant,returning,True,True,True,False,False
variant_2133,variant,returning,True,True,True,False,False
variant_2134,variant,new,True,True,True,False,False
variant_2135,variant,new,True,True,True,False,False
variant_2136,variant,new,True,True,True,True,False
variant_2137,variant,new,True,True,False,False,False
variant_2138,variant,new,True,True,True,False,False
variant_2139,variant,returning,True,True,True,False,False
variant_2140,variant,new,True,True,True,False,False
variant_2141,variant,new,False,False,False,False,False
variant_2142,variant,new,True,True,True,True,False
variant_2143,variant,new,False,False,False,False,False
variant_2144,variant,new,False,False,False,False,False
variant_2145,variant,new,False,False,False,False,False
variant_2146,variant,new,False,False,False,False,False
variant_2147,variant,new,True,False,False,False,False
variant_2148,variant,returning,True,True,True,False,False
variant_2149,variant,returning,True,True,True,True,False
variant_2150,variant,new,True,True,True,False,False
variant_2151,variant,new,True,True,True,True,False
variant_2152,variant,new,True,False,False,False,False
variant_2153,variant,returning,True,True,True,False,False
variant_2154,variant,new,True,False,False,False,False
variant_2155,variant,new,True,False,False,False,False
variant_2156,variant,new,True,False,False,False,False
variant_2157,variant,returning,True,True,True,False,False
variant_2158,variant,new,True,True,True,False,False
variant_2159,variant,new,False,False,False,False,False
variant_2160,variant,new,True,True,True,True,False
variant_2161,variant,new,False,False,False,False,False
variant_2162,variant,new,True,True,True,True,False
variant_2163,variant,returning,True,True,True,False,False
variant_2164,variant,returning,True,False,False,False,False
variant_2165,variant,returning,True,True,True,False,False
variant_2166,variant,returning,True,False,False,False,False
variant_2167,variant,new,True,True,True,False,False
variant_2168,variant,returning,True,True,True,False,False
variant_2169,variant,returning,True,True,True,False,False
variant_2170,variant,new,True,True,True,False,False
variant_2171,variant,returning,False,False,False,False,False
variant_2172,variant,returning,True,True,True,False,False
variant_2173,variant,returning,True,True,True,True,False
variant_2174,variant,returning,True,False,False,False,False
variant_2175,variant,new,True,True,True,False,False
variant_2176,variant,returning,False,False,False,False,False
variant_2177,variant,new,True,True,True,False,False
variant_2178,variant,returning,True,False,False,False,False
variant_2179,variant,returning,True,False,False,False,False
variant_2180,variant,new,True,True,True,True,False
variant_2181,variant,new,True,True,False,False,False
variant_2182,variant,returning,True,False,False,False,False
variant_2183,variant,new,False,False,False,False,False
variant_2184,variant,new,True,True,True,False,False
variant_2185,variant,new,True,True,True,False,False
variant_2186,variant,returning,True,True,True,False,False
variant_2187,variant,new,True,True,True,False,False
variant_2188,variant,new,True,True,True,False,False
variant_2189,variant,returning,False,False,False,False,False
variant_2190,variant,new,True,True,True,False,False
variant_2191,variant,returning,True,False,False,False,False
variant_2192,variant,new,False,False,False,False,False
variant_2193,variant,new,False,False,False,False,False
variant_2194,variant,returning,True,True,True,False,False
variant_2195,variant,new,False,False,False,False,False
variant_2196,variant,returning,True,True,True,True,False
variant_2197,variant,new,False,False,False,False,False
variant_2198,variant,returning,True,True,True,True,False
variant_2199,variant,new,True,True,False,False,False
variant_2200,variant,returning,False,False,False,False,False
variant_2201,variant,new,True,True,True,False,False
variant_2202,variant,returning,False,False,False,False,False
variant_2203,variant,new,True,False,False,False,False
variant_2204,variant,returning,True,True,True,False,False
variant_2205,variant,new,True,True,True,False,False
variant_2206,variant,new,True,True,True,False,False
variant_2207,variant,returning,True,True,True,False,False
variant_2208,variant,new,True,True,True,False,False
variant_2209,variant,returning,True,True,True,False,False
variant_2210,variant,returning,True,True,True,False,False
variant_2211,variant,new,True,True,True,False,False
variant_2212,variant,returning,True,True,True,False,False
variant_2213,variant,new,True,True,True,False,False
variant_2214,variant,new,False,False,False,False,False
variant_2215,variant,new,True,True,True,False,False
variant_2216,variant,new,True,False,False,False,False
variant_2217,variant,returning,True,True,True,False,False
variant_2218,variant,returning,True,False,False,False,False
variant_2219,variant,returning,True,True,True,False,False
variant_2220,variant,returning,True,False,False,False,False
variant_2221,variant,new,False,False,False,False,False
variant_2222,variant,new,False,False,False,False,False
variant_2223,variant,new,True,True,True,True,False
variant_2224,variant,returning,True,False,False,False,False
variant_2225,variant,new,True,True,True,False,False
variant_2226,variant,returning,True,True,True,False,False
variant_2227,variant,new,True,True,True,False,False
variant_2228,variant,new,True,True,True,False,False
variant_2229,variant,returning,True,True,True,False,False
variant_2230,variant,new,False,False,False,False,False
variant_2231,variant,new,True,True,True,False,False
variant_2232,variant,new,True,True,True,False,False
variant_2233,variant,returning,True,True,True,False,False
variant_2234,variant,new,False,False,False,False,False
variant_2235,variant,new,True,True,True,True,False
variant_2236,variant,new,False,False,False,False,False
variant_2237,variant,new,False,False,False,False,False
variant_2238,variant,new,True,True,True,False,False
variant_2239,variant,new,True,True,True,True,False
variant_2240,variant,new,True,False,False,False,False
variant_2241,variant,returning,True,True,True,False,False
variant_2242,variant,returning,True,True,True,False,False
variant_2243,variant,returning,False,False,False,False,False
variant_2244,variant,new,False,False,False,False,False
variant_2245,variant,new,True,True,True,False,False
variant_2246,variant,new,True,True,True,True,False
variant_2247,variant,new,True,True,True,True,False
variant_2248,variant,new,True,True,True,False,False
variant_2249,variant,new,True,True,True,False,False
variant_2250,variant,new,False,False,False,False,False
variant_2251,variant,new,True,True,True,False,False
variant_2252,variant,new,True,True,True,False,False
variant_2253,variant,new,True,True,True,False,False
variant_2254,variant,returning,True,True,False,False,False
variant_2255,variant,new,False,False,False,False,False
variant_2256,variant,returning,False,False,False,False,False
variant_2257,variant,new,True,True,True,False,False
variant_2258,variant,returning,True,False,False,False,False
variant_2259,variant,new,False,False,False,False,False
variant_2260,variant,new,True,False,False,False,False
variant_2261,variant,returning,True,False,False,False,False
variant_2262,variant,new,False,False,False,False,False
variant_2263,variant,new,True,True,True,False,False
variant_2264,variant,new,True,True,True,False,False
variant_2265,variant,returning,True,True,True,False,False
variant_2266,variant,returning,True,True,True,False,False
variant_2267,variant,new,False,False,False,False,False
variant_2268,variant,returning,True,True,True,False,False
variant_2269,variant,new,True,False,False,False,False
variant_2270,variant,new,True,True,True,False,False
variant_2271,variant,new,False,False,False,False,False
variant_2272,variant,new,True,False,False,False,False
variant_2273,variant,returning,True,False,False,False,False
variant_2274,variant,returning,True,True,False,False,False
variant_2275,variant,returning,True,True,False,False,False
variant_2276,variant,returning,True,True,True,False,False
variant_2277,variant,new,True,True,True,True,False
variant_2278,variant,returning,True,True,True,False,False
variant_2279,variant,new,True,True,True,True,False
variant_2280,variant,returning,True,False,False,False,False
variant_2281,variant,new,True,True,True,False,False
variant_2282,variant,returning,False,False,False,False,False
variant_2283,variant,returning,True,True,True,False,False
variant_2284,variant,new,True,True,True,False,False
variant_2285,variant,new,True,False,False,False,False
variant_2286,variant,new,True,True,True,False,False
variant_2287,variant,new,True,True,True,False,False
variant_2288,variant,returning,True,True,True,False,False
variant_2289,variant,new,True,False,False,False,False
variant_2290,variant,new,True,True,True,False,False
variant_2291,variant,new,True,True,True,True,False
variant_2292,variant,new,True,True,True,False,False
variant_2293,variant,new,True,True,True,False,False
variant_2294,variant,returning,False,False,False,False,False
variant_2295,variant,returning,True,True,False,False,False
variant_2296,variant,returning,True,True,True,True,False
variant_2297,variant,new,True,False,False,False,False
variant_2298,variant,new,False,False,False,False,False
variant_2299,variant,new,True,True,True,False,False
variant_2300,variant,new,False,False,False,False,False
variant_2301,variant,new,True,False,False,False,False
variant_2302,variant,new,True,False,False,False,False
variant_2303,variant,returning,True,True,True,False,False
variant_2304,variant,new,True,True,True,False,False
variant_2305,variant,new,True,True,True,False,False
variant_2306,variant,new,False,False,False,False,False
variant_2307,variant,returning,False,False,False,False,False
variant_2308,variant,new,True,False,False,False,False
variant_2309,variant,returning,True,True,True,True,False
variant_2310,variant,new,True,True,True,True,False
variant_2311,variant,new,False,False,False,False,False
variant_2312,variant,new,True,True,True,False,False
variant_2313,variant,new,True,True,True,False,False
variant_2314,variant,new,True,True,True,False,False
variant_2315,variant,returning,False,False,False,False,False
variant_2316,variant,returning,True,False,False,False,False
variant_2317,variant,new,True,True,True,False,False
variant_2318,variant,new,False,False,False,False,False
variant_2319,variant,new,True,True,True,False,False
variant_2320,variant,returning,True,True,True,True,False
variant_2321,variant,new,False,False,False,False,False
variant_2322,variant,new,True,True,True,False,False
variant_2323,variant,new,True,True,True,False,False
variant_2324,variant,returning,True,True,True,False,False
variant_2325,variant,new,True,False,False,False,False
variant_2326,variant,new,True,False,False,False,False
variant_2327,variant,new,True,True,True,True,False
variant_2328,variant,returning,True,True,True,False,False
variant_2329,variant,new,False,False,False,False,False
variant_2330,variant,returning,True,False,False,False,False
variant_2331,variant,returning,True,False,False,False,False
variant_2332,variant,new,True,True,True,True,False
variant_2333,variant,returning,False,False,False,False,False
variant_2334,variant,returning,True,True,False,False,False
variant_2335,variant,new,False,False,False,False,False
variant_2336,variant,returning,False,False,False,False,False
variant_2337,variant,new,False,False,False,False,False
variant_2338,variant,new,False,False,False,False,False
variant_2339,variant,new,True,True,True,False,False
variant_2340,variant,returning,False,False,False,False,False
variant_2341,variant,returning,True,True,True,True,False
variant_2342,variant,new,True,True,True,True,False
variant_2343,variant,returning,True,True,True,True,True
variant_2344,variant,returning,False,False,False,False,False
variant_2345,variant,returning,True,True,True,False,False
variant_2346,variant,new,False,False,False,False,False
variant_2347,variant,new,False,False,False,False,False
variant_2348,variant,new,True,True,True,False,False
variant_2349,variant,new,True,True,True,True,False
variant_2350,variant,new,True,True,True,False,False
variant_2351,variant,new,True,True,True,True,False
variant_2352,variant,new,True,True,True,True,False
variant_2353,variant,returning,True,True,False,False,False
variant_2354,variant,new,True,False,False,False,False
variant_2355,variant,new,True,True,True,True,True
variant_2356,variant,returning,True,True,True,False,False
variant_2357,variant,new,True,False,False,False,False
variant_2358,variant,returning,True,False,False,False,False
variant_2359,variant,returning,False,False,False,False,False
variant_2360,variant,new,True,False,False,False,False
variant_2361,variant,new,True,True,True,False,False
variant_2362,variant,new,True,False,False,False,False
variant_2363,variant,new,True,True,True,False,False
variant_2364,variant,new,False,False,False,False,False
variant_2365,variant,new,True,False,False,False,False
variant_2366,variant,new,True,False,False,False,False
variant_2367,variant,new,True,True,True,True,False
variant_2368,variant,new,False,False,False,False,False
variant_2369,variant,new,True,True,True,False,False
variant_2370,variant,new,True,True,True,False,False
variant_2371,variant,new,True,True,True,False,False
variant_2372,variant,returning,True,True,True,False,False
variant_2373,variant,returning,False,False,False,False,False
variant_2374,variant,returning,True,True,True,False,False
variant_2375,variant,new,True,True,True,False,False
variant_2376,variant,new,True,True,True,False,False
variant_2377,variant,returning,False,False,False,False,False
variant_2378,variant,returning,True,True,True,True,False
variant_2379,variant,returning,False,False,False,False,False
variant_2380,variant,new,True,True,True,True,False
variant_2381,variant,new,False,False,False,False,False
variant_2382,variant,new,False,False,False,False,False
variant_2383,variant,returning,False,False,False,False,False
variant_2384,variant,returning,False,False,False,False,False
variant_2385,variant,returning,False,False,False,False,False
variant_2386,variant,returning,False,False,False,False,False
variant_2387,variant,returning,True,True,True,False,False
variant_2388,variant,new,True,True,True,False,False
variant_2389,variant,returning,True,True,True,False,False
variant_2390,variant,returning,True,True,True,False,False
variant_2391,variant,returning,True,True,True,True,False
variant_2392,variant,returning,True,False,False,False,False
variant_2393,variant,new,False,False,False,False,False
variant_2394,variant,returning,True,False,False,False,False
variant_2395,variant,new,True,False,False,False,False
variant_2396,variant,returning,True,True,True,False,False
variant_2397,variant,returning,True,True,True,False,False
variant_2398,variant,returning,True,True,True,False,False
variant_2399,variant,new,True,True,True,False,False
variant_2400,variant,returning,True,True,True,False,False
variant_2401,variant,returning,False,False,False,False,False
variant_2402,variant,returning,True,True,True,False,False
variant_2403,variant,new,True,False,False,False,False
variant_2404,variant,returning,True,True,True,False,False
variant_2405,variant,returning,True,True,True,False,False
variant_2406,variant,new,True,True,True,False,False
variant_2407,variant,new,False,False,False,False,False
variant_2408,variant,returning,True,False,False,False,False
variant_2409,variant,returning,True,True,True,True,False
variant_2410,variant,new,True,True,True,False,False
variant_2411,variant,new,True,True,True,False,False
variant_2412,variant,returning,True,False,False,False,False
variant_2413,variant,returning,True,False,False,False,False
variant_2414,variant,new,False,False,False,False,False
variant_2415,variant,returning,True,True,True,False,False
variant_2416,variant,new,True,True,True,False,False
variant_2417,variant,new,True,True,True,False,False
variant_2418,variant,returning,True,True,True,False,False
variant_2419,variant,new,True,True,True,False,False
variant_2420,variant,new,True,True,True,False,False
variant_2421,variant,returning,False,False,False,False,False
variant_2422,variant,new,False,False,False,False,False
variant_2423,variant,new,True,False,False,False,False
variant_2424,variant,new,True,True,True,False,False
variant_2425,variant,new,True,True,True,False,False
variant_2426,variant,returning,False,False,False,False,False
variant_2427,variant,new,True,True,True,True,False
variant_2428,variant,new,False,False,False,False,False
variant_2429,variant,new,True,True,True,False,False
variant_2430,variant,returning,True,True,True,True,False
variant_2431,variant,returning,True,True,False,False,False
variant_2432,variant,new,True,True,True,False,False
variant_2433,variant,returning,True,False,False,False,False
variant_2434,variant,returning,True,True,True,False,False
variant_2435,variant,new,True,True,True,True,False
variant_2436,variant,new,False,False,False,False,False
variant_2437,variant,returning,True,True,False,False,False
variant_2438,variant,returning,True,True,True,False,False
variant_2439,variant,new,False,False,False,False,False
variant_2440,variant,new,True,True,True,False,False
variant_2441,variant,returning,True,False,False,False,False
variant_2442,variant,returning,True,True,True,False,False
variant_2443,variant,new,False,False,False,False,False
variant_2444,variant,new,False,False,False,False,False
variant_2445,variant,new,False,False,False,False,False
variant_2446,variant,returning,True,False,False,False,False
variant_2447,variant,returning,False,False,False,False,False
variant_2448,variant,new,True,True,True,True,False
variant_2449,variant,returning,True,True,True,True,False
variant_2450,variant,new,True,True,True,False,False
variant_2451,variant,returning,True,True,True,True,False
variant_2452,variant,new,True,True,True,False,False
variant_2453,variant,new,True,True,False,False,False
variant_2454,variant,new,False,False,False,False,False
variant_2455,variant,new,True,True,True,True,False
variant_2456,variant,returning,False,False,False,False,False
variant_2457,variant,new,True,True,True,False,False
variant_2458,variant,new,True,True,True,False,False
variant_2459,variant,returning,True,True,True,False,False
variant_2460,variant,new,False,False,False,False,False
variant_2461,variant,new,False,False,False,False,False
variant_2462,variant,new,True,False,False,False,False
variant_2463,variant,returning,True,False,False,False,False
variant_2464,variant,returning,True,True,True,False,False
variant_2465,variant,returning,True,True,True,False,False
variant_2466,variant,returning,True,True,True,False,False
variant_2467,variant,new,False,False,False,False,False
variant_2468,variant,new,True,False,False,False,False
variant_2469,variant,returning,True,True,True,False,False
variant_2470,variant,new,True,True,True,True,False
variant_2471,variant,returning,False,False,False,False,False
variant_2472,variant,new,True,True,True,False,False
variant_2473,variant,new,True,True,True,False,False
variant_2474,variant,new,False,False,False,False,False
variant_2475,variant,new,True,True,True,False,False
variant_2476,variant,returning,True,True,True,True,False
variant_2477,variant,returning,True,False,False,False,False
variant_2478,variant,returning,False,False,False,False,False
variant_2479,variant,returning,True,True,False,False,False
variant_2480,variant,new,True,True,True,False,False
variant_2481,variant,new,True,True,True,False,False
variant_2482,variant,returning,True,True,True,False,False
variant_2483,variant,new,True,False,False,False,False
variant_2484,variant,new,True,True,True,False,False
variant_2485,variant,new,True,True,True,True,False
variant_2486,variant,returning,True,True,True,False,False
variant_2487,variant,returning,False,False,False,False,False
variant_2488,variant,new,True,True,False,False,False
variant_2489,variant,new,True,True,True,False,False
variant_2490,variant,new,True,True,True,False,False
variant_2491,variant,new,True,True,True,True,False
variant_2492,variant,new,False,False,False,False,False
variant_2493,variant,returning,False,False,False,False,False
variant_2494,variant,returning,True,False,False,False,False
variant_2495,variant,returning,True,True,True,False,False
variant_2496,variant,returning,True,True,True,True,False
variant_2497,variant,returning,False,False,False,False,False
variant_2498,variant,returning,True,True,True,True,False
variant_2499,variant,new,True,True,True,True,False
variant_2500,variant,returning,True,True,True,True,False
variant_2501,variant,new,True,False,False,False,False
variant_2502,variant,new,True,True,True,False,False
variant_2503,variant,new,True,True,True,True,False
variant_2504,variant,returning,True,False,False,False,False
variant_2505,variant,returning,True,True,True,False,False
variant_2506,variant,returning,True,True,True,False,False
variant_2507,variant,new,True,True,True,False,False
variant_2508,variant,returning,True,True,True,True,False
variant_2509,variant,returning,True,True,False,False,False
variant_2510,variant,returning,True,False,False,False,False
variant_2511,variant,new,True,True,True,False,False
variant_2512,variant,new,False,False,False,False,False
variant_2513,variant,new,False,False,False,False,False
variant_2514,variant,returning,True,True,True,False,False
variant_2515,variant,new,True,True,True,True,False
variant_2516,variant,returning,False,False,False,False,False
variant_2517,variant,new,True,True,True,True,False
variant_2518,variant,returning,True,True,False,False,False
variant_2519,variant,new,True,True,True,True,False
variant_2520,variant,returning,True,True,True,False,False
variant_2521,variant,returning,False,False,False,False,False
variant_2522,variant,returning,True,True,True,False,False
variant_2523,variant,returning,False,False,False,False,False
variant_2524,variant,new,True,True,False,False,False
variant_2525,variant,new,True,True,False,False,False
variant_2526,variant,new,True,False,False,False,False
variant_2527,variant,returning,False,False,False,False,False
variant_2528,variant,returning,False,False,False,False,False
variant_2529,variant,new,True,True,True,False,False
variant_2530,variant,returning,False,False,False,False,False
variant_2531,variant,new,False,False,False,False,False
variant_2532,variant,new,False,False,False,False,False
variant_2533,variant,new,True,False,False,False,False
variant_2534,variant,returning,False,False,False,False,False
variant_2535,variant,new,True,True,True,False,False
variant_2536,variant,returning,True,True,True,False,False
variant_2537,variant,returning,True,False,False,False,False
variant_2538,variant,new,True,True,True,False,False
variant_2539,variant,new,False,False,False,False,False
variant_2540,variant,returning,True,True,True,False,False
variant_2541,variant,returning,True,True,True,False,False
variant_2542,variant,new,False,False,False,False,False
variant_2543,variant,new,True,True,True,False,False
variant_2544,variant,new,True,True,True,False,False
variant_2545,variant,new,True,True,True,False,False
variant_2546,variant,new,True,False,False,False,False
variant_2547,variant,returning,True,False,False,False,False
variant_2548,variant,new,False,False,False,False,False
variant_2549,variant,returning,True,True,True,False,False
variant_2550,variant,new,True,False,False,False,False
variant_2551,variant,returning,True,True,True,False,False
variant_2552,variant,returning,False,False,False,False,False
variant_2553,variant,new,True,True,True,False,False
variant_2554,variant,new,False,False,False,False,False
variant_2555,variant,new,True,True,True,False,False
variant_2556,variant,new,True,False,False,False,False
variant_2557,variant,returning,True,True,True,False,False
variant_2558,variant,returning,True,True,True,False,False
variant_2559,variant,returning,True,False,False,False,False
variant_2560,variant,returning,True,True,False,False,False
variant_2561,variant,new,True,True,True,False,False
variant_2562,variant,new,True,True,True,False,False
variant_2563,variant,new,True,True,True,False,False
variant_2564,variant,returning,True,True,True,False,False
variant_2565,variant,new,True,True,True,False,False
variant_2566,variant,new,False,False,False,False,False
variant_2567,variant,returning,False,False,False,False,False
variant_2568,variant,new,False,False,False,False,False
variant_2569,variant,new,True,True,True,False,False
variant_2570,variant,new,False,False,False,False,False
variant_2571,variant,new,False,False,False,False,False
variant_2572,variant,new,True,True,True,False,False
variant_2573,variant,new,True,True,True,False,False
variant_2574,variant,new,True,True,False,False,False
variant_2575,variant,returning,True,True,True,False,False
variant_2576,variant,new,True,True,True,False,False
variant_2577,variant,returning,True,True,True,False,False
variant_2578,variant,returning,True,True,True,False,False
variant_2579,variant,returning,True,True,True,False,False
variant_2580,variant,returning,True,True,False,False,False
variant_2581,variant,new,True,False,False,False,False
variant_2582,variant,new,True,True,True,True,False
variant_2583,variant,new,True,True,True,True,False
variant_2584,variant,new,False,False,False,False,False
variant_2585,variant,returning,True,True,True,False,False
variant_2586,variant,new,True,True,True,False,False
variant_2587,variant,new,True,True,True,False,False
variant_2588,variant,new,True,True,True,False,False
variant_2589,variant,returning,False,False,False,False,False
variant_2590,variant,new,False,False,False,False,False
variant_2591,variant,new,True,False,False,False,False
variant_2592,variant,returning,True,True,True,False,False
variant_2593,variant,returning,True,True,False,False,False
variant_2594,variant,new,True,True,True,False,False
variant_2595,variant,new,True,True,True,True,False
variant_2596,variant,returning,True,True,True,False,False
variant_2597,variant,new,True,True,True,True,False
variant_2598,variant,returning,True,True,True,False,False
variant_2599,variant,returning,False,False,False,False,False
variant_2600,variant,returning,True,True,True,False,False
variant_2601,variant,returning,False,False,False,False,False
variant_2602,variant,returning,False,False,False,False,False
variant_2603,variant,new,True,True,True,True,False
variant_2604,variant,new,False,False,False,False,False
variant_2605,variant,returning,True,True,True,False,False
variant_2606,variant,new,True,True,True,False,False
variant_2607,variant,returning,True,True,True,False,False
variant_2608,variant,new,True,True,True,False,False
variant_2609,variant,new,True,True,True,False,False
variant_2610,variant,new,True,True,True,False,False
variant_2611,variant,returning,True,True,True,False,False
variant_2612,variant,new,False,False,False,False,False
variant_2613,variant,new,True,True,True,True,False
variant_2614,variant,new,True,True,False,False,False
variant_2615,variant,new,True,False,False,False,False
variant_2616,variant,returning,False,False,False,False,False
variant_2617,variant,returning,True,True,True,True,False
variant_2618,variant,returning,False,False,False,False,False
variant_2619,variant,returning,True,True,True,True,False
variant_2620,variant,new,True,True,True,True,False
variant_2621,variant,returning,True,True,True,False,False
variant_2622,variant,returning,True,True,True,False,False
variant_2623,variant,returning,True,True,True,False,False
variant_2624,variant,new,False,False,False,False,False
variant_2625,variant,new,True,True,True,False,False
variant_2626,variant,new,True,False,False,False,False
variant_2627,variant,new,True,True,False,False,False
variant_2628,variant,new,True,True,True,False,False
variant_2629,variant,returning,True,True,True,False,False
variant_2630,variant,new,False,False,False,False,False
variant_2631,variant,new,False,False,False,False,False
variant_2632,variant,returning,True,False,False,False,False
variant_2633,variant,returning,True,False,False,False,False
variant_2634,variant,new,True,True,True,True,False
variant_2635,variant,new,True,False,False,False,False
variant_2636,variant,returning,True,True,True,False,False
variant_2637,variant,returning,True,True,True,False,False
variant_2638,variant,returning,True,False,False,False,False
variant_2639,variant,new,False,False,False,False,False
variant_2640,variant,returning,False,False,False,False,False
variant_2641,variant,returning,True,False,False,False,False
variant_2642,variant,new,False,False,False,False,False
variant_2643,variant,new,False,False,False,False,False
variant_2644,variant,returning,True,False,False,False,False
variant_2645,variant,returning,False,False,False,False,False
variant_2646,variant,new,False,False,False,False,False
variant_2647,variant,returning,True,True,True,False,False
variant_2648,variant,returning,False,False,False,False,False
variant_2649,variant,new,True,True,False,False,False
variant_2650,variant,new,True,False,False,False,False
variant_2651,variant,new,True,True,True,False,False
variant_2652,variant,returning,True,True,True,False,False
variant_2653,variant,new,True,True,False,False,False
variant_2654,variant,returning,True,True,True,False,False
variant_2655,variant,new,False,False,False,False,False
variant_2656,variant,returning,False,False,False,False,False
variant_2657,variant,returning,True,False,False,False,False
variant_2658,variant,returning,True,True,True,False,False
variant_2659,variant,returning,True,True,True,False,False
variant_2660,variant,new,True,True,True,False,False
variant_2661,variant,new,True,True,True,False,False
variant_2662,variant,new,False,False,False,False,False
variant_2663,variant,returning,True,False,False,False,False
variant_2664,variant,new,True,True,True,False,False
variant_2665,variant,new,True,True,True,False,False
variant_2666,variant,new,True,True,True,False,False
variant_2667,variant,returning,True,True,False,False,False
variant_2668,variant,new,True,True,True,False,False
variant_2669,variant,new,True,True,True,False,False
variant_2670,variant,new,False,False,False,False,False
variant_2671,variant,new,True,True,False,False,False
variant_2672,variant,returning,False,False,False,False,False
variant_2673,variant,returning,True,True,False,False,False
variant_2674,variant,returning,True,True,True,True,False
variant_2675,variant,new,True,True,True,False,False
variant_2676,variant,new,False,False,False,False,False
variant_2677,variant,returning,False,False,False,False,False
variant_2678,variant,new,True,True,True,False,False
variant_2679,variant,returning,True,True,True,False,False
variant_2680,variant,returning,True,True,True,False,False
variant_2681,variant,new,True,True,True,True,False
variant_2682,variant,returning,False,False,False,False,False
variant_2683,variant,new,True,True,True,False,False
variant_2684,variant,new,True,False,False,False,False
variant_2685,variant,new,True,True,True,True,False
variant_2686,variant,returning,True,True,True,False,False
variant_2687,variant,returning,False,False,False,False,False
variant_2688,variant,new,True,True,True,False,False
variant_2689,variant,returning,False,False,False,False,False
variant_2690,variant,new,True,True,True,False,False
variant_2691,variant,new,False,False,False,False,False
variant_2692,variant,returning,True,True,True,False,False
variant_2693,variant,returning,True,True,True,False,False
variant_2694,variant,returning,True,True,True,True,False
variant_2695,variant,returning,True,True,True,False,False
variant_2696,variant,new,False,False,False,False,False
variant_2697,variant,new,False,False,False,False,False
variant_2698,variant,new,True,False,False,False,False
variant_2699,variant,returning,True,True,True,False,False
variant_2700,variant,new,True,False,False,False,False
variant_2701,variant,new,True,False,False,False,False
variant_2702,variant,returning,True,True,True,False,False
variant_2703,variant,new,True,True,False,False,False
variant_2704,variant,returning,True,True,False,False,False
variant_2705,variant,returning,False,False,False,False,False
variant_2706,variant,new,True,True,True,False,False
variant_2707,variant,new,True,True,True,False,False
variant_2708,variant,returning,False,False,False,False,False
variant_2709,variant,returning,True,False,False,False,False
variant_2710,variant,new,True,False,False,False,False
variant_2711,variant,returning,True,False,False,False,False
variant_2712,variant,new,True,True,True,False,False
variant_2713,variant,returning,True,True,False,False,False
variant_2714,variant,new,True,True,False,False,False
variant_2715,variant,new,True,True,True,True,False
variant_2716,variant,returning,True,False,False,False,False
variant_2717,variant,new,True,False,False,False,False
variant_2718,variant,returning,True,True,True,False,False
variant_2719,variant,returning,False,False,False,False,False
variant_2720,variant,returning,True,True,False,False,False
variant_2721,variant,new,True,True,True,False,False
variant_2722,variant,new,True,True,True,False,False
variant_2723,variant,new,True,True,True,False,False
variant_2724,variant,new,True,False,False,False,False
variant_2725,variant,new,True,True,True,False,False
variant_2726,variant,new,True,True,True,False,False
variant_2727,variant,new,True,True,True,True,False
variant_2728,variant,returning,True,True,True,False,False
variant_2729,variant,new,True,True,True,False,False
variant_2730,variant,new,True,True,True,False,False
variant_2731,variant,returning,True,True,True,False,False
variant_2732,variant,new,True,True,True,False,False
variant_2733,variant,returning,True,True,True,False,False
variant_2734,variant,returning,True,False,False,False,False
variant_2735,variant,returning,True,True,True,False,False
variant_2736,variant,returning,True,True,True,True,False
variant_2737,variant,returning,True,True,True,False,False
variant_2738,variant,returning,True,True,True,False,False
variant_2739,variant,new,True,True,True,True,False
variant_2740,variant,new,True,False,False,False,False
variant_2741,variant,returning,True,True,True,True,False
variant_2742,variant,new,False,False,False,False,False
variant_2743,variant,new,True,True,True,False,False
variant_2744,variant,returning,True,False,False,False,False
variant_2745,variant,new,True,True,True,False,False
variant_2746,variant,new,True,True,True,True,False
variant_2747,variant,returning,False,False,False,False,False
variant_2748,variant,new,False,False,False,False,False
variant_2749,variant,new,True,True,False,False,False
variant_2750,variant,returning,True,False,False,False,False
variant_2751,variant,returning,True,False,False,False,False
variant_2752,variant,new,True,True,True,False,False
variant_2753,variant,new,True,True,True,False,False
variant_2754,variant,new,True,False,False,False,False
variant_2755,variant,returning,True,True,True,False,False
variant_2756,variant,new,True,True,True,False,False
variant_2757,variant,returning,True,True,False,False,False
variant_2758,variant,returning,True,True,True,False,False
variant_2759,variant,new,False,False,False,False,False
variant_2760,variant,returning,True,True,True,False,False
variant_2761,variant,returning,False,False,False,False,False
variant_2762,variant,returning,True,True,True,True,False
variant_2763,variant,returning,True,True,True,False,False
variant_2764,variant,new,True,True,True,False,False
variant_2765,variant,returning,True,True,True,False,False
variant_2766,variant,returning,False,False,False,False,False
variant_2767,variant,new,False,False,False,False,False
variant_2768,variant,new,True,False,False,False,False
variant_2769,variant,returning,True,True,True,False,False
variant_2770,variant,new,True,True,True,True,False
variant_2771,variant,new,False,False,False,False,False
variant_2772,variant,new,True,True,True,False,False
variant_2773,variant,new,False,False,False,False,False
variant_2774,variant,new,True,False,False,False,False
variant_2775,variant,new,True,False,False,False,False
variant_2776,variant,new,True,True,True,True,False
variant_2777,variant,new,False,False,False,False,False
variant_2778,variant,new,True,True,False,False,False
variant_2779,variant,new,True,True,False,False,False
variant_2780,variant,new,True,True,True,False,False
variant_2781,variant,new,True,False,False,False,False
variant_2782,variant,new,True,False,False,False,False
variant_2783,variant,returning,False,False,False,False,False
variant_2784,variant,new,True,True,True,False,False
variant_2785,variant,returning,False,False,False,False,False
variant_2786,variant,new,True,True,True,True,False
variant_2787,variant,new,False,False,False,False,False
variant_2788,variant,new,False,False,False,False,False
variant_2789,variant,new,True,True,True,False,False
variant_2790,variant,returning,False,False,False,False,False
variant_2791,variant,returning,True,True,True,False,False
variant_2792,variant,new,True,False,False,False,False
variant_2793,variant,new,True,True,True,False,False
variant_2794,variant,new,True,True,True,False,False
variant_2795,variant,returning,True,True,True,False,False
variant_2796,variant,new,False,False,False,False,False
variant_2797,variant,new,False,False,False,False,False
variant_2798,variant,new,True,True,True,False,False
variant_2799,variant,returning,False,False,False,False,False
variant_2800,variant,returning,False,False,False,False,False
variant_2801,variant,new,False,False,False,False,False
variant_2802,variant,new,True,True,True,False,False
variant_2803,variant,returning,True,False,False,False,False
variant_2804,variant,new,True,True,True,False,False
variant_2805,variant,new,False,False,False,False,False
variant_2806,variant,new,True,True,True,True,False
variant_2807,variant,new,False,False,False,False,False
variant_2808,variant,new,False,False,False,False,False
variant_2809,variant,returning,True,True,True,False,False
variant_2810,variant,returning,False,False,False,False,False
variant_2811,variant,new,True,True,True,False,False
variant_2812,variant,new,True,True,True,False,False
variant_2813,variant,new,True,True,True,False,False
variant_2814,variant,returning,False,False,False,False,False
variant_2815,variant,new,False,False,False,False,False
variant_2816,variant,new,False,False,False,False,False
variant_2817,variant,new,True,True,True,True,False
variant_2818,variant,new,True,True,False,False,False
variant_2819,variant,new,False,False,False,False,False
variant_2820,variant,new,False,False,False,False,False
variant_2821,variant,returning,False,False,False,False,False
variant_2822,variant,new,True,True,True,False,False
variant_2823,variant,returning,True,True,True,True,False
variant_2824,variant,returning,True,True,True,False,False
variant_2825,variant,new,False,False,False,False,False
variant_2826,variant,returning,True,True,True,False,False
variant_2827,variant,returning,False,False,False,False,False
variant_2828,variant,new,True,True,False,False,False
variant_2829,variant,returning,False,False,False,False,False
variant_2830,variant,returning,True,True,False,False,False
variant_2831,variant,returning,True,True,True,False,False
variant_2832,variant,new,True,True,True,False,False
variant_2833,variant,new,True,True,True,False,False
variant_2834,variant,new,False,False,False,False,False
variant_2835,variant,new,True,True,True,False,False
variant_2836,variant,new,True,True,True,True,False
variant_2837,variant,returning,True,True,True,False,False
variant_2838,variant,new,False,False,False,False,False
variant_2839,variant,new,False,False,False,False,False
variant_2840,variant,new,False,False,False,False,False
variant_2841,variant,new,True,False,False,False,False
variant_2842,variant,returning,False,False,False,False,False
variant_2843,variant,returning,True,True,True,False,False
variant_2844,variant,new,False,False,False,False,False
variant_2845,variant,new,True,True,True,False,False
variant_2846,variant,new,True,False,False,False,False
variant_2847,variant,returning,True,True,True,False,False
variant_2848,variant,new,False,False,False,False,False
variant_2849,variant,new,True,True,True,True,False
variant_2850,variant,new,True,True,True,False,False
variant_2851,variant,new,True,True,True,False,False
variant_2852,variant,new,False,False,False,False,False
variant_2853,variant,returning,True,True,True,False,False
variant_2854,variant,new,True,False,False,False,False
variant_2855,variant,new,False,False,False,False,False
variant_2856,variant,new,True,True,True,True,False
variant_2857,variant,new,True,True,True,True,False
variant_2858,variant,returning,True,True,True,False,False
variant_2859,variant,returning,True,True,True,True,False
variant_2860,variant,returning,True,True,True,True,False
variant_2861,variant,returning,True,False,False,False,False
variant_2862,variant,returning,True,True,True,False,False
variant_2863,variant,new,True,True,True,True,False
variant_2864,variant,new,True,True,True,True,False
variant_2865,variant,returning,True,True,True,False,False
variant_2866,variant,returning,True,False,False,False,False
variant_2867,variant,new,True,False,False,False,False
variant_2868,variant,new,True,True,True,True,False
variant_2869,variant,returning,True,True,True,True,False
variant_2870,variant,new,True,False,False,False,False
variant_2871,variant,new,True,True,True,False,False
variant_2872,variant,new,True,True,True,False,False
variant_2873,variant,new,True,True,True,False,False
variant_2874,variant,new,True,True,True,False,False
variant_2875,variant,returning,True,True,True,False,False
variant_2876,variant,returning,False,False,False,False,False
variant_2877,variant,new,True,True,False,False,False
variant_2878,variant,new,True,True,True,False,False
variant_2879,variant,new,True,True,True,False,False
variant_2880,variant,new,True,True,True,True,False
variant_2881,variant,new,False,False,False,False,False
variant_2882,variant,returning,True,True,True,False,False
variant_2883,variant,returning,True,True,True,False,False
variant_2884,variant,new,True,True,False,False,False
variant_2885,variant,returning,True,False,False,False,False
variant_2886,variant,new,False,False,False,False,False
variant_2887,variant,returning,True,False,False,False,False
variant_2888,variant,new,False,False,False,False,False
variant_2889,variant,returning,True,True,True,False,False
variant_2890,variant,new,False,False,False,False,False
variant_2891,variant,new,True,True,True,False,False
variant_2892,variant,new,True,True,False,False,False
variant_2893,variant,returning,True,True,True,False,False
variant_2894,variant,returning,False,False,False,False,False
variant_2895,variant,returning,True,True,False,False,False
variant_2896,variant,returning,True,True,True,False,False
variant_2897,variant,new,True,True,False,False,False
variant_2898,variant,returning,False,False,False,False,False
variant_2899,variant,returning,True,True,True,True,False
variant_2900,variant,new,True,True,True,False,False
variant_2901,variant,new,True,True,True,False,False
variant_2902,variant,new,False,False,False,False,False
variant_2903,variant,new,False,False,False,False,False
variant_2904,variant,new,True,True,True,False,False
variant_2905,variant,returning,True,True,True,True,False
variant_2906,variant,returning,True,True,True,False,False
variant_2907,variant,new,True,True,True,False,False
variant_2908,variant,returning,True,True,True,True,False
variant_2909,variant,returning,True,True,True,False,False
variant_2910,variant,new,True,True,True,False,False
variant_2911,variant,returning,True,True,True,False,False
variant_2912,variant,returning,True,True,True,True,False
variant_2913,variant,new,True,True,True,False,False
variant_2914,variant,returning,False,False,False,False,False
variant_2915,variant,new,False,False,False,False,False
variant_2916,variant,new,True,True,True,False,False
variant_2917,variant,new,True,True,True,True,False
variant_2918,variant,returning,False,False,False,False,False
variant_2919,variant,returning,False,False,False,False,False
variant_2920,variant,new,True,True,True,False,False
variant_2921,variant,new,True,True,True,False,False
variant_2922,variant,new,False,False,False,False,False
variant_2923,variant,returning,True,True,True,False,False
variant_2924,variant,new,True,True,True,False,False
variant_2925,variant,new,True,True,True,True,False
variant_2926,variant,new,False,False,False,False,False
variant_2927,variant,new,True,True,True,False,False
variant_2928,variant,returning,True,True,True,True,False
variant_2929,variant,returning,True,True,True,False,False
variant_2930,variant,new,True,True,True,False,False
variant_2931,variant,returning,True,True,True,False,False
variant_2932,variant,returning,True,True,True,False,False
variant_2933,variant,new,True,True,True,False,False
variant_2934,variant,new,False,False,False,False,False
variant_2935,variant,returning,True,True,False,False,False
variant_2936,variant,new,True,False,False,False,False
variant_2937,variant,returning,True,True,True,True,True
variant_2938,variant,new,True,True,True,True,False
variant_2939,variant,returning,True,True,False,False,False
variant_2940,variant,new,True,True,False,False,False
variant_2941,variant,new,True,True,True,True,False
variant_2942,variant,new,True,True,True,False,False
variant_2943,variant,new,True,True,True,False,False
variant_2944,variant,returning,True,False,False,False,False
variant_2945,variant,returning,True,True,True,True,False
variant_2946,variant,new,True,True,True,False,False
variant_2947,variant,returning,True,True,True,False,False
variant_2948,variant,new,False,False,False,False,False
variant_2949,variant,new,True,True,True,False,False
variant_2950,variant,returning,False,False,False,False,False
variant_2951,variant,new,False,False,False,False,False
variant_2952,variant,returning,False,False,False,False,False
variant_2953,variant,new,False,False,False,False,False
variant_2954,variant,new,True,True,True,True,False
variant_2955,variant,returning,True,True,True,False,False
variant_2956,variant,returning,True,True,True,True,False
variant_2957,variant,new,True,True,True,False,False
variant_2958,variant,returning,True,True,True,False,False
variant_2959,variant,returning,True,True,True,False,False
variant_2960,variant,returning,True,True,True,False,False
variant_2961,variant,new,True,False,False,False,False
variant_2962,variant,new,True,False,False,False,False
variant_2963,variant,returning,True,True,True,False,False
variant_2964,variant,returning,False,False,False,False,False
variant_2965,variant,new,True,True,True,True,False
variant_2966,variant,new,True,False,False,False,False
variant_2967,variant,new,True,True,True,False,False
variant_2968,variant,new,True,True,True,False,False
variant_2969,variant,new,True,True,True,True,False
variant_2970,variant,returning,False,False,False,False,False
variant_2971,variant,returning,True,False,False,False,False
variant_2972,variant,returning,False,False,False,False,False
variant_2973,variant,returning,True,True,True,False,False
variant_2974,variant,new,True,True,True,False,False
variant_2975,variant,returning,True,True,True,False,False
variant_2976,variant,returning,True,True,True,True,False
variant_2977,variant,returning,True,True,True,False,False
variant_2978,variant,new,True,True,True,False,False
variant_2979,variant,returning,True,True,True,False,False
variant_2980,variant,new,True,True,True,False,False
variant_2981,variant,new,True,False,False,False,False
variant_2982,variant,new,True,False,False,False,False
variant_2983,variant,new,True,True,False,False,False
variant_2984,variant,returning,True,False,False,False,False
variant_2985,variant,new,True,True,True,False,False
variant_2986,variant,new,True,True,False,False,False
variant_2987,variant,returning,True,True,False,False,False
variant_2988,variant,returning,True,True,True,False,False
variant_2989,variant,new,True,False,False,False,False
variant_2990,variant,new,True,True,True,True,False
variant_2991,variant,new,True,True,True,False,False
variant_2992,variant,returning,True,True,True,False,False
variant_2993,variant,returning,True,True,True,False,False
variant_2994,variant,new,True,True,True,False,False
variant_2995,variant,returning,True,True,True,False,False
variant_2996,variant,returning,True,False,False,False,False
variant_2997,variant,returning,True,True,True,False,False
variant_2998,variant,new,True,True,True,False,False
variant_2999,variant,returning,False,False,False,False,False
variant_3000,variant,new,False,False,False,False,False
variant_3001,variant,new,True,True,True,False,False
variant_3002,variant,new,False,False,False,False,False
variant_3003,variant,new,True,True,True,False,False
variant_3004,variant,new,True,True,True,False,False
variant_3005,variant,new,False,False,False,False,False
variant_3006,variant,new,False,False,False,False,False
variant_3007,variant,new,False,False,False,False,False
variant_3008,variant,returning,False,False,False,False,False
variant_3009,variant,returning,True,True,True,False,False
variant_3010,variant,new,False,False,False,False,False
variant_3011,variant,new,True,True,True,False,False
variant_3012,variant,new,True,True,True,False,False
variant_3013,variant,returning,True,True,True,False,False
variant_3014,variant,returning,True,True,True,False,False
variant_3015,variant,new,True,True,True,False,False
variant_3016,variant,returning,True,True,True,True,False
variant_3017,variant,returning,True,True,True,False,False
variant_3018,variant,returning,True,True,True,False,False
variant_3019,variant,returning,True,False,False,False,False
variant_3020,variant,new,True,True,True,True,False
variant_3021,variant,returning,True,True,True,False,False
variant_3022,variant,returning,False,False,False,False,False
variant_3023,variant,returning,True,True,False,False,False
variant_3024,variant,returning,True,True,True,True,False
variant_3025,variant,returning,False,False,False,False,False
variant_3026,variant,returning,False,False,False,False,False
variant_3027,variant,new,True,False,False,False,False
variant_3028,variant,new,True,True,False,False,False
variant_3029,variant,returning,True,True,False,False,False
variant_3030,variant,returning,False,False,False,False,False
variant_3031,variant,new,False,False,False,False,False
variant_3032,variant,new,False,False,False,False,False
variant_3033,variant,returning,False,False,False,False,False
variant_3034,variant,new,True,False,False,False,False
variant_3035,variant,new,True,True,True,False,False
variant_3036,variant,returning,True,True,True,True,False
variant_3037,variant,new,True,True,True,False,False
variant_3038,variant,new,True,True,True,False,False
variant_3039,variant,returning,True,True,True,False,False
variant_3040,variant,returning,True,True,True,False,False
variant_3041,variant,new,False,False,False,False,False
variant_3042,variant,new,True,False,False,False,False
variant_3043,variant,new,False,False,False,False,False
variant_3044,variant,returning,False,False,False,False,False
variant_3045,variant,new,True,False,False,False,False
variant_3046,variant,new,True,True,True,False,False
variant_3047,variant,returning,True,True,True,False,False
variant_3048,variant,returning,False,False,False,False,False
variant_3049,variant,new,True,True,True,False,False
variant_3050,variant,new,True,True,True,False,False
variant_3051,variant,returning,True,True,True,False,False
variant_3052,variant,new,False,False,False,False,False
variant_3053,variant,returning,True,True,True,True,False
variant_3054,variant,new,True,True,True,False,False
variant_3055,variant,new,True,True,True,False,False
variant_3056,variant,new,True,True,True,False,False
variant_3057,variant,new,False,False,False,False,False
variant_3058,variant,returning,True,True,True,False,False
variant_3059,variant,returning,False,False,False,False,False
variant_3060,variant,returning,True,True,True,False,False
variant_3061,variant,returning,True,True,True,False,False
variant_3062,variant,new,True,True,True,False,False
variant_3063,variant,returning,True,False,False,False,False
variant_3064,variant,returning,True,True,True,True,False
variant_3065,variant,new,True,True,True,False,False
variant_3066,variant,returning,False,False,False,False,False
variant_3067,variant,returning,False,False,False,False,False
variant_3068,variant,new,True,True,True,True,False
variant_3069,variant,new,True,True,True,False,False
variant_3070,variant,new,False,False,False,False,False
variant_3071,variant,returning,True,False,False,False,False
variant_3072,variant,returning,True,True,True,False,False
variant_3073,variant,returning,True,True,True,True,False
variant_3074,variant,returning,True,True,True,False,False
variant_3075,variant,new,True,True,True,False,False
variant_3076,variant,returning,True,True,True,True,False
variant_3077,variant,new,True,True,True,False,False
variant_3078,variant,returning,True,True,True,False,False
variant_3079,variant,new,True,True,True,False,False
variant_3080,variant,new,True,True,True,False,False
variant_3081,variant,new,True,True,True,False,False
variant_3082,variant,new,False,False,False,False,False
variant_3083,variant,new,True,True,True,False,False
variant_3084,variant,new,True,True,True,False,False
variant_3085,variant,returning,True,True,True,True,False
variant_3086,variant,returning,True,True,True,False,False
variant_3087,variant,new,True,False,False,False,False
variant_3088,variant,new,True,True,True,False,False
variant_3089,variant,new,True,False,False,False,False
variant_3090,variant,returning,True,True,True,True,False
variant_3091,variant,returning,True,True,True,False,False
variant_3092,variant,returning,True,True,True,False,False
variant_3093,variant,new,False,False,False,False,False
variant_3094,variant,new,False,False,False,False,False
variant_3095,variant,returning,True,True,True,True,False
variant_3096,variant,returning,True,True,True,True,False
variant_3097,variant,new,False,False,False,False,False
variant_3098,variant,returning,True,True,False,False,False
variant_3099,variant,new,True,True,True,True,False
variant_3100,variant,new,False,False,False,False,False
variant_3101,variant,new,True,True,False,False,False
variant_3102,variant,returning,True,True,True,False,False
variant_3103,variant,returning,True,False,False,False,False
variant_3104,variant,new,False,False,False,False,False
variant_3105,variant,new,True,True,True,True,False
variant_3106,variant,new,False,False,False,False,False
variant_3107,variant,new,True,True,True,True,False
variant_3108,variant,returning,True,True,True,False,False
variant_3109,variant,new,True,True,True,False,False
variant_3110,variant,returning,False,False,False,False,False
variant_3111,variant,returning,True,True,True,False,False
variant_3112,variant,new,False,False,False,False,False
variant_3113,variant,returning,True,True,True,True,False
variant_3114,variant,returning,False,False,False,False,False
variant_3115,variant,new,True,False,False,False,False
variant_3116,variant,new,True,True,True,False,False
variant_3117,variant,returning,True,True,True,False,False
variant_3118,variant,returning,True,True,True,False,False
variant_3119,variant,returning,True,True,True,True,False
variant_3120,variant,new,True,True,True,False,False
variant_3121,variant,returning,False,False,False,False,False
variant_3122,variant,returning,True,True,True,False,False
variant_3123,variant,new,True,True,True,False,False
variant_3124,variant,new,True,True,True,False,False
variant_3125,variant,new,True,True,True,False,False
variant_3126,variant,returning,True,True,True,False,False
variant_3127,variant,new,False,False,False,False,False
variant_3128,variant,returning,True,True,True,True,False
variant_3129,variant,new,True,False,False,False,False
variant_3130,variant,returning,True,True,False,False,False
variant_3131,variant,new,True,True,True,True,False
variant_3132,variant,returning,True,True,True,False,False
variant_3133,variant,new,False,False,False,False,False
variant_3134,variant,returning,True,True,True,False,False
variant_3135,variant,returning,True,True,True,False,False
variant_3136,variant,new,True,True,True,False,False
variant_3137,variant,new,False,False,False,False,False
variant_3138,variant,new,True,False,False,False,False
variant_3139,variant,new,True,True,True,False,False
variant_3140,variant,returning,True,True,True,False,False
variant_3141,variant,new,True,True,True,False,False
variant_3142,variant,returning,True,False,False,False,False
variant_3143,variant,new,True,True,False,False,False
variant_3144,variant,returning,True,True,True,False,False
variant_3145,variant,new,True,True,True,False,False
variant_3146,variant,returning,False,False,False,False,False
variant_3147,variant,new,True,True,True,False,False
variant_3148,variant,returning,True,True,True,False,False
variant_3149,variant,returning,True,True,True,False,False
variant_3150,variant,new,True,True,True,False,False
variant_3151,variant,returning,True,True,True,True,False
variant_3152,variant,new,True,False,False,False,False
variant_3153,variant,new,True,True,False,False,False
variant_3154,variant,new,True,True,True,True,False
variant_3155,variant,returning,True,True,True,False,False
variant_3156,variant,returning,True,True,True,False,False
variant_3157,variant,new,True,True,True,False,False
variant_3158,variant,returning,True,True,True,False,False
variant_3159,variant,new,True,False,False,False,False
variant_3160,variant,new,True,True,True,False,False
variant_3161,variant,new,True,False,False,False,False
variant_3162,variant,new,False,False,False,False,False
variant_3163,variant,returning,True,True,False,False,False
variant_3164,variant,new,True,True,True,True,False
variant_3165,variant,new,False,False,False,False,False
variant_3166,variant,new,True,True,True,True,False
variant_3167,variant,returning,True,True,True,True,False
variant_3168,variant,returning,False,False,False,False,False
variant_3169,variant,new,True,True,True,False,False
variant_3170,variant,returning,True,True,False,False,False
variant_3171,variant,new,True,True,True,True,False
variant_3172,variant,returning,True,False,False,False,False
variant_3173,variant,new,True,False,False,False,False
variant_3174,variant,new,False,False,False,False,False
variant_3175,variant,new,True,True,True,True,False
variant_3176,variant,new,True,True,True,True,False
variant_3177,variant,new,False,False,False,False,False
variant_3178,variant,returning,False,False,False,False,False
variant_3179,variant,new,True,True,True,True,False
variant_3180,variant,new,True,True,True,False,False
variant_3181,variant,returning,True,False,False,False,False
variant_3182,variant,returning,False,False,False,False,False
variant_3183,variant,returning,False,False,False,False,False
variant_3184,variant,new,True,False,False,False,False
variant_3185,variant,returning,True,True,True,False,False
variant_3186,variant,returning,True,True,True,True,False
variant_3187,variant,new,True,True,True,False,False
variant_3188,variant,new,True,True,True,False,False
variant_3189,variant,new,True,True,True,False,False
variant_3190,variant,new,True,True,True,True,False
variant_3191,variant,returning,True,True,False,False,False
variant_3192,variant,returning,True,True,True,False,False
variant_3193,variant,new,False,False,False,False,False
variant_3194,variant,new,True,True,True,False,False
variant_3195,variant,returning,False,False,False,False,False
variant_3196,variant,new,True,True,True,False,False
variant_3197,variant,new,True,True,True,False,False
variant_3198,variant,returning,True,False,False,False,False
variant_3199,variant,new,True,True,True,False,False
variant_3200,variant,returning,False,False,False,False,False
variant_3201,variant,returning,True,True,True,True,False
variant_3202,variant,new,False,False,False,False,False
variant_3203,variant,new,False,False,False,False,False
variant_3204,variant,returning,True,True,True,False,False
variant_3205,variant,new,True,True,True,False,False
variant_3206,variant,new,True,True,True,False,False
variant_3207,variant,new,True,True,True,True,False
variant_3208,variant,returning,True,True,True,True,False
variant_3209,variant,new,True,True,True,False,False
variant_3210,variant,new,False,False,False,False,False
variant_3211,variant,new,True,True,True,False,False
variant_3212,variant,new,False,False,False,False,False
variant_3213,variant,returning,True,True,False,False,False
variant_3214,variant,returning,True,True,True,False,False
variant_3215,variant,new,False,False,False,False,False
variant_3216,variant,returning,True,False,False,False,False
variant_3217,variant,returning,True,True,True,False,False
variant_3218,variant,returning,False,False,False,False,False
variant_3219,variant,new,False,False,False,False,False
variant_3220,variant,new,True,True,False,False,False
variant_3221,variant,returning,False,False,False,False,False
variant_3222,variant,returning,True,False,False,False,False
variant_3223,variant,returning,True,True,True,False,False
variant_3224,variant,new,True,True,True,True,True
variant_3225,variant,new,True,True,True,False,False
variant_3226,variant,new,True,True,True,False,False
variant_3227,variant,new,True,True,True,True,False
variant_3228,variant,new,True,False,False,False,False
variant_3229,variant,new,False,False,False,False,False
variant_3230,variant,new,False,False,False,False,False
variant_3231,variant,new,False,False,False,False,False
variant_3232,variant,returning,True,True,True,False,False
variant_3233,variant,new,False,False,False,False,False
variant_3234,variant,new,True,True,True,False,False
variant_3235,variant,returning,True,True,True,False,False
variant_3236,variant,new,True,True,True,False,False
variant_3237,variant,new,True,False,False,False,False
variant_3238,variant,new,True,False,False,False,False
variant_3239,variant,new,True,True,False,False,False
variant_3240,variant,new,False,False,False,False,False
variant_3241,variant,new,True,True,True,False,False
variant_3242,variant,new,True,True,True,False,False
variant_3243,variant,new,True,True,True,True,False
variant_3244,variant,new,True,True,True,False,False
variant_3245,variant,returning,False,False,False,False,False
variant_3246,variant,new,True,True,True,False,False
variant_3247,variant,new,True,False,False,False,False
variant_3248,variant,new,True,True,False,False,False
variant_3249,variant,returning,True,True,True,False,False
variant_3250,variant,new,True,True,True,False,False
variant_3251,variant,returning,True,True,True,False,False
variant_3252,variant,new,True,True,True,False,False
variant_3253,variant,returning,True,True,True,False,False
variant_3254,variant,new,False,False,False,False,False
variant_3255,variant,returning,True,True,True,False,False
variant_3256,variant,new,True,True,True,False,False
variant_3257,variant,new,True,True,False,False,False
variant_3258,variant,returning,True,True,True,False,False
variant_3259,variant,returning,True,True,False,False,False
variant_3260,variant,returning,True,True,True,False,False
variant_3261,variant,new,True,False,False,False,False
variant_3262,variant,new,True,True,False,False,False
variant_3263,variant,new,True,True,True,True,False
variant_3264,variant,returning,True,True,True,False,False
variant_3265,variant,new,False,False,False,False,False
variant_3266,variant,new,True,True,True,False,False
variant_3267,variant,new,False,False,False,False,False
variant_3268,variant,returning,True,True,True,False,False
variant_3269,variant,new,True,True,True,True,False
variant_3270,variant,new,True,True,True,True,False
variant_3271,variant,new,True,False,False,False,False
variant_3272,variant,new,False,False,False,False,False
variant_3273,variant,new,True,True,True,False,False
variant_3274,variant,returning,True,True,True,False,False
variant_3275,variant,new,True,True,True,False,False
variant_3276,variant,new,True,True,True,False,False
variant_3277,variant,new,False,False,False,False,False
variant_3278,variant,new,False,False,False,False,False
variant_3279,variant,returning,True,True,True,False,False
variant_3280,variant,new,False,False,False,False,False
variant_3281,variant,returning,True,True,True,False,False
variant_3282,variant,new,True,True,True,False,False
variant_3283,variant,new,True,True,True,False,False
variant_3284,variant,new,False,False,False,False,False
variant_3285,variant,new,True,True,True,False,False
variant_3286,variant,new,True,True,True,True,False
variant_3287,variant,new,True,False,False,False,False
variant_3288,variant,returning,True,True,False,False,False
variant_3289,variant,new,False,False,False,False,False
variant_3290,variant,new,True,True,True,False,False
variant_3291,variant,new,False,False,False,False,False
variant_3292,variant,new,True,False,False,False,False
variant_3293,variant,new,True,True,True,False,False
variant_3294,variant,new,True,False,False,False,False
variant_3295,variant,new,True,True,True,False,False
variant_3296,variant,returning,True,False,False,False,False
variant_3297,variant,new,True,True,False,False,False
variant_3298,variant,new,True,False,False,False,False
variant_3299,variant,returning,True,False,False,False,False
variant_3300,variant,new,True,True,False,False,False
variant_3301,variant,returning,True,True,True,False,False
variant_3302,variant,new,True,True,True,False,False
variant_3303,variant,new,True,True,True,False,False
variant_3304,variant,new,False,False,False,False,False
variant_3305,variant,returning,True,True,True,True,False
variant_3306,variant,new,True,True,True,True,False
variant_3307,variant,new,True,True,True,False,False
variant_3308,variant,new,True,True,True,True,False
variant_3309,variant,new,False,False,False,False,False
variant_3310,variant,new,True,True,True,False,False
variant_3311,variant,new,False,False,False,False,False
variant_3312,variant,returning,True,True,True,False,False
variant_3313,variant,returning,True,True,True,False,False
variant_3314,variant,returning,True,True,True,False,False
variant_3315,variant,new,True,True,True,False,False
variant_3316,variant,new,False,False,False,False,False
variant_3317,variant,returning,True,True,True,False,False
variant_3318,variant,returning,True,False,False,False,False
variant_3319,variant,new,True,True,True,True,False
variant_3320,variant,returning,True,True,True,True,False
variant_3321,variant,new,False,False,False,False,False
variant_3322,variant,returning,True,False,False,False,False
variant_3323,variant,returning,False,False,False,False,False
variant_3324,variant,returning,True,True,True,False,False
variant_3325,variant,new,False,False,False,False,False
variant_3326,variant,new,True,True,True,False,False
variant_3327,variant,returning,False,False,False,False,False
variant_3328,variant,returning,True,True,True,False,False
variant_3329,variant,new,True,True,False,False,False
variant_3330,variant,new,True,True,True,False,False
variant_3331,variant,new,False,False,False,False,False
variant_3332,variant,new,False,False,False,False,False
variant_3333,variant,returning,True,False,False,False,False
variant_3334,variant,returning,True,True,True,False,False
variant_3335,variant,new,True,False,False,False,False
variant_3336,variant,new,True,True,True,False,False
variant_3337,variant,new,True,True,True,True,False
variant_3338,variant,new,True,True,True,False,False
variant_3339,variant,new,True,True,False,False,False
variant_3340,variant,returning,True,True,True,False,False
variant_3341,variant,returning,True,True,True,True,False
variant_3342,variant,new,True,True,True,False,False
variant_3343,variant,returning,True,False,False,False,False
variant_3344,variant,returning,True,True,True,False,False
variant_3345,variant,returning,True,True,True,False,False
variant_3346,variant,returning,True,False,False,False,False
variant_3347,variant,new,False,False,False,False,False
variant_3348,variant,returning,False,False,False,False,False
variant_3349,variant,returning,True,True,True,True,False
variant_3350,variant,returning,False,False,False,False,False
variant_3351,variant,new,True,True,True,False,False
variant_3352,variant,new,True,True,True,False,False
variant_3353,variant,new,True,False,False,False,False
variant_3354,variant,returning,False,False,False,False,False
variant_3355,variant,new,True,True,True,False,False
variant_3356,variant,returning,True,True,True,True,False
variant_3357,variant,returning,True,False,False,False,False
variant_3358,variant,new,True,True,True,False,False
variant_3359,variant,new,True,True,False,False,False
variant_3360,variant,returning,True,True,True,False,False
variant_3361,variant,new,True,True,True,False,False
variant_3362,variant,returning,True,True,True,True,False
variant_3363,variant,returning,True,True,True,False,False
variant_3364,variant,new,False,False,False,False,False
variant_3365,variant,new,False,False,False,False,False
variant_3366,variant,returning,True,True,True,False,False
variant_3367,variant,returning,True,True,True,True,False
variant_3368,variant,new,True,True,True,True,False
variant_3369,variant,returning,True,False,False,False,False
variant_3370,variant,new,True,True,True,False,False
variant_3371,variant,new,True,True,True,False,False
variant_3372,variant,new,True,True,True,True,False
variant_3373,variant,returning,True,True,True,False,False
variant_3374,variant,returning,True,True,True,False,False
variant_3375,variant,new,False,False,False,False,False
variant_3376,variant,new,False,False,False,False,False
variant_3377,variant,new,True,True,True,False,False
variant_3378,variant,returning,True,True,True,False,False
variant_3379,variant,returning,True,True,True,True,False
variant_3380,variant,new,True,True,True,True,False
variant_3381,variant,returning,False,False,False,False,False
variant_3382,variant,returning,True,False,False,False,False
variant_3383,variant,returning,True,False,False,False,False
variant_3384,variant,returning,True,False,False,False,False
variant_3385,variant,new,True,True,True,False,False
variant_3386,variant,returning,False,False,False,False,False
variant_3387,variant,new,True,True,True,True,False
variant_3388,variant,returning,True,True,True,False,False
variant_3389,variant,new,True,True,True,True,False
variant_3390,variant,returning,True,True,True,False,False
variant_3391,variant,new,True,True,True,True,False
variant_3392,variant,new,True,False,False,False,False
variant_3393,variant,returning,True,True,True,False,False
variant_3394,variant,new,True,False,False,False,False
variant_3395,variant,new,True,True,False,False,False
variant_3396,variant,returning,True,False,False,False,False
variant_3397,variant,new,True,True,True,False,False
variant_3398,variant,new,True,True,False,False,False
variant_3399,variant,returning,True,True,True,False,False
variant_3400,variant,new,False,False,False,False,False
variant_3401,variant,new,True,True,False,False,False
variant_3402,variant,returning,True,True,True,False,False
variant_3403,variant,returning,True,True,True,False,False
variant_3404,variant,new,False,False,False,False,False
variant_3405,variant,new,True,True,True,False,False
variant_3406,variant,new,True,True,True,False,False
variant_3407,variant,new,True,False,False,False,False
variant_3408,variant,new,False,False,False,False,False
variant_3409,variant,returning,True,False,False,False,False
variant_3410,variant,new,True,True,True,False,False
variant_3411,variant,new,True,True,True,False,False
variant_3412,variant,returning,True,True,True,False,False
variant_3413,variant,new,True,True,False,False,False
variant_3414,variant,returning,True,True,True,False,False
variant_3415,variant,returning,True,True,True,False,False
variant_3416,variant,new,False,False,False,False,False
variant_3417,variant,new,True,True,True,True,False
variant_3418,variant,new,True,False,False,False,False
variant_3419,variant,new,True,False,False,False,False
variant_3420,variant,new,True,True,True,False,False
variant_3421,variant,new,False,False,False,False,False
variant_3422,variant,new,False,False,False,False,False
variant_3423,variant,returning,True,True,True,False,False
variant_3424,variant,new,False,False,False,False,False
variant_3425,variant,new,True,True,True,True,False
variant_3426,variant,new,False,False,False,False,False
variant_3427,variant,new,True,True,True,False,False
variant_3428,variant,returning,False,False,False,False,False
variant_3429,variant,returning,True,False,False,False,False
variant_3430,variant,new,True,True,True,False,False
variant_3431,variant,new,True,True,True,True,False
variant_3432,variant,new,False,False,False,False,False
variant_3433,variant,returning,True,True,True,False,False
variant_3434,variant,new,True,True,True,False,False
variant_3435,variant,returning,True,True,True,False,False
variant_3436,variant,new,True,True,True,True,False
variant_3437,variant,new,True,True,True,False,False
variant_3438,variant,new,True,False,False,False,False
variant_3439,variant,new,False,False,False,False,False
variant_3440,variant,new,True,False,False,False,False
variant_3441,variant,new,False,False,False,False,False
variant_3442,variant,new,True,False,False,False,False
variant_3443,variant,returning,True,True,True,False,False
variant_3444,variant,new,True,True,True,False,False
variant_3445,variant,returning,True,True,True,False,False
variant_3446,variant,new,True,True,True,True,False
variant_3447,variant,new,True,False,False,False,False
variant_3448,variant,new,True,True,True,False,False
variant_3449,variant,returning,True,True,True,False,False
variant_3450,variant,returning,True,True,False,False,False
variant_3451,variant,returning,True,True,True,False,False
variant_3452,variant,new,True,True,False,False,False
variant_3453,variant,new,False,False,False,False,False
variant_3454,variant,returning,True,True,True,True,False
variant_3455,variant,returning,False,False,False,False,False
variant_3456,variant,new,False,False,False,False,False
variant_3457,variant,returning,False,False,False,False,False
variant_3458,variant,returning,True,True,True,True,False
variant_3459,variant,new,True,True,True,False,False
variant_3460,variant,returning,True,True,True,False,False
variant_3461,variant,new,True,True,True,False,False
variant_3462,variant,new,True,True,True,True,True
variant_3463,variant,returning,True,True,False,False,False
variant_3464,variant,returning,True,True,True,False,False
variant_3465,variant,new,False,False,False,False,False
variant_3466,variant,new,True,True,True,False,False
variant_3467,variant,new,False,False,False,False,False
variant_3468,variant,new,False,False,False,False,False
variant_3469,variant,returning,False,False,False,False,False
variant_3470,variant,new,True,True,True,False,False
variant_3471,variant,new,False,False,False,False,False
variant_3472,variant,returning,True,True,True,True,False
variant_3473,variant,new,False,False,False,False,False
variant_3474,variant,new,True,True,True,False,False
variant_3475,variant,returning,True,True,True,False,False
variant_3476,variant,new,True,True,True,True,False
variant_3477,variant,new,True,True,False,False,False
variant_3478,variant,new,False,False,False,False,False
variant_3479,variant,new,True,True,True,True,False
variant_3480,variant,returning,True,False,False,False,False
variant_3481,variant,returning,True,False,False,False,False
variant_3482,variant,new,False,False,False,False,False
variant_3483,variant,new,True,True,True,False,False
variant_3484,variant,new,False,False,False,False,False
variant_3485,variant,returning,False,False,False,False,False
variant_3486,variant,returning,True,True,True,False,False
variant_3487,variant,returning,True,False,False,False,False
variant_3488,variant,new,True,True,True,False,False
variant_3489,variant,returning,False,False,False,False,False
variant_3490,variant,returning,True,True,True,False,False
variant_3491,variant,new,False,False,False,False,False
variant_3492,variant,new,False,False,False,False,False
variant_3493,variant,new,True,False,False,False,False
variant_3494,variant,new,True,True,True,False,False
variant_3495,variant,new,True,True,True,True,False
variant_3496,variant,new,True,True,True,False,False
variant_3497,variant,returning,False,False,False,False,False
variant_3498,variant,returning,True,True,True,False,False
variant_3499,variant,new,True,True,True,False,False
variant_3500,variant,new,True,True,True,True,False
variant_3501,variant,new,False,False,False,False,False
variant_3502,variant,new,True,True,True,False,False
variant_3503,variant,returning,True,False,False,False,False
variant_3504,variant,new,True,True,True,False,False
variant_3505,variant,returning,False,False,False,False,False
variant_3506,variant,returning,True,True,True,False,False
variant_3507,variant,returning,True,True,True,False,False
variant_3508,variant,new,False,False,False,False,False
variant_3509,variant,new,True,True,True,False,False
variant_3510,variant,returning,True,True,False,False,False
variant_3511,variant,returning,True,True,True,True,False
variant_3512,variant,returning,True,True,True,False,False
variant_3513,variant,returning,True,False,False,False,False
variant_3514,variant,new,True,False,False,False,False
variant_3515,variant,new,True,True,True,True,False
variant_3516,variant,new,True,True,True,False,False
variant_3517,variant,new,True,True,True,True,False
variant_3518,variant,returning,True,False,False,False,False
variant_3519,variant,returning,True,True,True,True,False
variant_3520,variant,new,True,True,True,False,False
variant_3521,variant,new,True,True,True,True,False
variant_3522,variant,new,False,False,False,False,False
variant_3523,variant,new,True,True,True,False,False
variant_3524,variant,returning,False,False,False,False,False
variant_3525,variant,returning,True,True,True,False,False
variant_3526,variant,new,True,True,True,False,False
variant_3527,variant,returning,True,True,True,False,False
variant_3528,variant,new,True,False,False,False,False
variant_3529,variant,returning,False,False,False,False,False
variant_3530,variant,returning,True,False,False,False,False
variant_3531,variant,new,True,True,True,False,False
variant_3532,variant,returning,True,False,False,False,False
variant_3533,variant,new,True,True,False,False,False
variant_3534,variant,returning,True,True,True,True,False
variant_3535,variant,new,True,True,True,False,False
variant_3536,variant,new,False,False,False,False,False
variant_3537,variant,returning,True,True,True,True,False
variant_3538,variant,new,True,True,True,False,False
variant_3539,variant,new,True,True,True,False,False
variant_3540,variant,returning,True,True,True,False,False
variant_3541,variant,new,True,True,True,False,False
variant_3542,variant,returning,True,True,True,False,False
variant_3543,variant,returning,False,False,False,False,False
variant_3544,variant,new,True,True,True,False,False
variant_3545,variant,returning,True,True,True,False,False
variant_3546,variant,new,True,True,True,True,False
variant_3547,variant,new,True,False,False,False,False
variant_3548,variant,new,True,True,True,False,False
variant_3549,variant,returning,True,True,True,False,False
variant_3550,variant,new,False,False,False,False,False
variant_3551,variant,new,True,False,False,False,False
variant_3552,variant,new,False,False,False,False,False
variant_3553,variant,returning,False,False,False,False,False
variant_3554,variant,new,True,False,False,False,False
variant_3555,variant,new,False,False,False,False,False
variant_3556,variant,new,True,False,False,False,False
variant_3557,variant,new,True,False,False,False,False
variant_3558,variant,returning,True,True,True,False,False
variant_3559,variant,new,True,False,False,False,False
variant_3560,variant,new,True,True,True,False,False
variant_3561,variant,new,False,False,False,False,False
variant_3562,variant,returning,True,False,False,False,False
variant_3563,variant,new,True,True,True,False,False
variant_3564,variant,new,True,True,True,False,False
variant_3565,variant,returning,False,False,False,False,False
variant_3566,variant,returning,True,True,True,False,False
variant_3567,variant,new,True,True,True,False,False
variant_3568,variant,new,True,False,False,False,False
variant_3569,variant,new,False,False,False,False,False
variant_3570,variant,returning,True,False,False,False,False
variant_3571,variant,new,True,True,True,True,False
variant_3572,variant,new,True,False,False,False,False
variant_3573,variant,new,True,True,True,False,False
variant_3574,variant,new,True,True,True,False,False
variant_3575,variant,returning,False,False,False,False,False
variant_3576,variant,new,True,True,True,False,False
variant_3577,variant,new,True,True,True,False,False
variant_3578,variant,returning,False,False,False,False,False
variant_3579,variant,returning,True,False,False,False,False
variant_3580,variant,returning,True,True,True,False,False
variant_3581,variant,returning,True,False,False,False,False
variant_3582,variant,new,True,True,True,False,False
variant_3583,variant,new,True,True,True,False,False
variant_3584,variant,returning,True,True,True,True,False
variant_3585,variant,returning,True,False,False,False,False
variant_3586,variant,new,False,False,False,False,False
variant_3587,variant,new,True,True,True,False,False
variant_3588,variant,new,True,False,False,False,False
variant_3589,variant,new,True,True,True,False,False
variant_3590,variant,returning,False,False,False,False,False
variant_3591,variant,returning,True,True,True,False,False
variant_3592,variant,new,True,True,True,True,False
variant_3593,variant,returning,False,False,False,False,False
variant_3594,variant,returning,True,True,True,False,False
variant_3595,variant,new,False,False,False,False,False
variant_3596,variant,new,True,True,False,False,False
variant_3597,variant,returning,False,False,False,False,False
variant_3598,variant,new,True,True,True,True,False
variant_3599,variant,returning,False,False,False,False,False
variant_3600,variant,new,True,True,True,False,False
variant_3601,variant,returning,True,True,True,True,False
variant_3602,variant,new,False,False,False,False,False
variant_3603,variant,new,True,True,True,False,False
variant_3604,variant,returning,True,True,True,False,False
variant_3605,variant,new,True,False,False,False,False
variant_3606,variant,new,True,True,True,False,False
variant_3607,variant,new,True,True,False,False,False
variant_3608,variant,new,True,True,True,False,False
variant_3609,variant,new,True,True,True,False,False
variant_3610,variant,new,True,True,False,False,False
variant_3611,variant,new,True,True,True,False,False
variant_3612,variant,new,True,True,True,False,False
variant_3613,variant,new,True,True,True,False,False
variant_3614,variant,returning,True,False,False,False,False
variant_3615,variant,new,True,True,True,False,False
variant_3616,variant,returning,True,True,True,True,False
variant_3617,variant,new,True,True,False,False,False
variant_3618,variant,new,True,True,True,True,False
variant_3619,variant,new,True,True,True,True,False
variant_3620,variant,new,True,True,True,False,False
variant_3621,variant,new,True,False,False,False,False
variant_3622,variant,returning,True,False,False,False,False
variant_3623,variant,new,True,False,False,False,False
variant_3624,variant,new,True,True,True,True,False
variant_3625,variant,returning,True,True,True,False,False
variant_3626,variant,new,False,False,False,False,False
variant_3627,variant,returning,True,True,True,False,False
variant_3628,variant,new,True,True,True,False,False
variant_3629,variant,new,False,False,False,False,False
variant_3630,variant,new,True,False,False,False,False
variant_3631,variant,new,True,False,False,False,False
variant_3632,variant,new,True,True,True,False,False
variant_3633,variant,returning,True,False,False,False,False
variant_3634,variant,new,True,False,False,False,False
variant_3635,variant,returning,True,True,True,True,False
variant_3636,variant,new,True,True,True,False,False
variant_3637,variant,new,False,False,False,False,False
variant_3638,variant,new,True,True,True,True,False
variant_3639,variant,returning,False,False,False,False,False
variant_3640,variant,new,True,False,False,False,False
variant_3641,variant,returning,True,False,False,False,False
variant_3642,variant,new,False,False,False,False,False
variant_3643,variant,returning,True,True,True,False,False
variant_3644,variant,returning,True,True,True,False,False
variant_3645,variant,returning,True,True,False,False,False
variant_3646,variant,returning,True,True,True,False,False
variant_3647,variant,new,False,False,False,False,False
variant_3648,variant,returning,True,False,False,False,False
variant_3649,variant,new,False,False,False,False,False
variant_3650,variant,new,True,False,False,False,False
variant_3651,variant,returning,False,False,False,False,False
variant_3652,variant,returning,True,True,True,False,False
variant_3653,variant,new,True,True,True,False,False
variant_3654,variant,returning,False,False,False,False,False
variant_3655,variant,new,True,False,False,False,False
variant_3656,variant,new,True,True,True,True,False
variant_3657,variant,new,False,False,False,False,False
variant_3658,variant,returning,True,False,False,False,False
variant_3659,variant,returning,True,True,True,True,False
variant_3660,variant,returning,True,True,False,False,False
variant_3661,variant,new,False,False,False,False,False
variant_3662,variant,returning,True,True,True,False,False
variant_3663,variant,new,True,True,True,True,False
variant_3664,variant,new,True,True,True,False,False
variant_3665,variant,returning,True,True,True,False,False
variant_3666,variant,returning,True,True,True,False,False
variant_3667,variant,returning,False,False,False,False,False
variant_3668,variant,returning,False,False,False,False,False
variant_3669,variant,new,False,False,False,False,False
variant_3670,variant,new,True,True,True,False,False
variant_3671,variant,returning,True,True,True,True,False
variant_3672,variant,new,True,True,True,False,False
variant_3673,variant,returning,True,True,True,False,False
variant_3674,variant,new,True,False,False,False,False
variant_3675,variant,new,True,True,True,False,False
variant_3676,variant,returning,True,True,True,False,False
variant_3677,variant,returning,True,True,False,False,False
variant_3678,variant,new,True,True,True,False,False
variant_3679,variant,new,True,True,True,False,False
variant_3680,variant,new,False,False,False,False,False
variant_3681,variant,new,True,True,True,False,False
variant_3682,variant,returning,True,True,True,False,False
variant_3683,variant,new,True,True,True,False,False
variant_3684,variant,new,True,True,False,False,False
variant_3685,variant,returning,True,True,True,False,False
variant_3686,variant,returning,False,False,False,False,False
variant_3687,variant,new,False,False,False,False,False
variant_3688,variant,returning,True,True,True,True,False
variant_3689,variant,new,True,False,False,False,False
variant_3690,variant,new,True,True,False,False,False
variant_3691,variant,returning,False,False,False,False,False
variant_3692,variant,new,True,True,True,True,False
variant_3693,variant,returning,True,True,False,False,False
variant_3694,variant,returning,False,False,False,False,False
variant_3695,variant,returning,True,False,False,False,False
variant_3696,variant,new,True,True,True,False,False
variant_3697,variant,new,True,True,False,False,False
variant_3698,variant,returning,True,True,False,False,False
variant_3699,variant,returning,True,True,True,True,False
variant_3700,variant,returning,True,True,True,True,False
variant_3701,variant,new,True,False,False,False,False
variant_3702,variant,returning,True,True,True,False,False
variant_3703,variant,new,True,True,True,False,False
variant_3704,variant,new,True,False,False,False,False
variant_3705,variant,new,True,True,True,False,False
variant_3706,variant,returning,True,True,True,True,False
variant_3707,variant,new,True,True,True,False,False
variant_3708,variant,new,True,True,True,False,False
variant_3709,variant,returning,True,True,False,False,False
variant_3710,variant,returning,True,False,False,False,False
variant_3711,variant,new,True,True,True,True,False
variant_3712,variant,returning,False,False,False,False,False
variant_3713,variant,returning,True,True,True,False,False
variant_3714,variant,new,True,True,True,False,False
variant_3715,variant,returning,True,True,False,False,False
variant_3716,variant,returning,True,False,False,False,False
variant_3717,variant,returning,True,True,True,False,False
variant_3718,variant,new,True,True,True,False,False
variant_3719,variant,returning,True,True,True,False,False
variant_3720,variant,returning,True,True,True,False,False
variant_3721,variant,returning,True,True,True,False,False
variant_3722,variant,new,False,False,False,False,False
variant_3723,variant,new,True,False,False,False,False
variant_3724,variant,returning,True,True,True,False,False
variant_3725,variant,new,True,True,True,False,False
variant_3726,variant,returning,True,True,True,False,False
variant_3727,variant,new,False,False,False,False,False
variant_3728,variant,returning,True,True,False,False,False
variant_3729,variant,new,True,True,True,False,False
variant_3730,variant,returning,True,True,True,True,False
variant_3731,variant,returning,False,False,False,False,False
variant_3732,variant,new,True,True,True,False,False
variant_3733,variant,new,True,True,False,False,False
variant_3734,variant,returning,True,True,True,False,False
variant_3735,variant,returning,True,True,True,False,False
variant_3736,variant,new,True,True,True,False,False
variant_3737,variant,new,True,True,True,False,False
variant_3738,variant,returning,False,False,False,False,False
variant_3739,variant,returning,True,True,True,True,False
variant_3740,variant,new,True,True,True,False,False
variant_3741,variant,new,False,False,False,False,False
variant_3742,variant,new,True,True,True,False,False
variant_3743,variant,returning,True,True,True,True,False
variant_3744,variant,returning,True,True,True,True,False
variant_3745,variant,new,False,False,False,False,False
variant_3746,variant,new,True,True,True,False,False
variant_3747,variant,new,True,True,True,False,False
variant_3748,variant,new,True,True,False,False,False
variant_3749,variant,returning,True,True,False,False,False
variant_3750,variant,returning,False,False,False,False,False
variant_3751,variant,new,True,True,True,False,False
variant_3752,variant,new,True,False,False,False,False
variant_3753,variant,new,True,False,False,False,False
variant_3754,variant,returning,True,False,False,False,False
variant_3755,variant,new,False,False,False,False,False
variant_3756,variant,new,True,False,False,False,False
variant_3757,variant,returning,True,True,True,False,False
variant_3758,variant,new,True,True,True,False,False
variant_3759,variant,returning,False,False,False,False,False
variant_3760,variant,new,True,True,True,True,False
variant_3761,variant,new,True,False,False,False,False
variant_3762,variant,returning,True,True,True,False,False
variant_3763,variant,returning,False,False,False,False,False
variant_3764,variant,returning,False,False,False,False,False
variant_3765,variant,new,True,True,True,False,False
variant_3766,variant,new,True,True,True,False,False
variant_3767,variant,new,True,True,True,False,False
variant_3768,variant,new,True,True,True,False,False
variant_3769,variant,new,True,True,True,False,False
variant_3770,variant,new,True,True,True,False,False
variant_3771,variant,new,True,True,True,False,False
variant_3772,variant,new,True,True,True,False,False
variant_3773,variant,new,True,False,False,False,False
variant_3774,variant,new,True,True,False,False,False
variant_3775,variant,returning,False,False,False,False,False
variant_3776,variant,returning,True,False,False,False,False
variant_3777,variant,new,True,False,False,False,False
variant_3778,variant,new,False,False,False,False,False
variant_3779,variant,returning,False,False,False,False,False
variant_3780,variant,new,False,False,False,False,False
variant_3781,variant,returning,False,False,False,False,False
variant_3782,variant,new,True,True,True,False,False
variant_3783,variant,returning,True,True,True,False,False
variant_3784,variant,new,False,False,False,False,False
variant_3785,variant,returning,True,False,False,False,False
variant_3786,variant,new,True,True,True,True,False
variant_3787,variant,new,True,False,False,False,False
variant_3788,variant,new,True,True,True,True,False
variant_3789,variant,new,True,True,True,True,False
variant_3790,variant,returning,True,True,True,True,False
variant_3791,variant,new,True,True,True,False,False
variant_3792,variant,new,True,True,True,True,False
variant_3793,variant,new,True,True,True,False,False
variant_3794,variant,new,True,True,False,False,False
variant_3795,variant,returning,False,False,False,False,False
variant_3796,variant,returning,True,True,True,False,False
variant_3797,variant,new,True,False,False,False,False
variant_3798,variant,new,True,True,False,False,False
variant_3799,variant,returning,True,False,False,False,False
variant_3800,variant,new,True,True,True,False,False
variant_3801,variant,returning,True,True,False,False,False
variant_3802,variant,new,False,False,False,False,False
variant_3803,variant,new,True,True,True,False,False
variant_3804,variant,new,True,True,True,False,False
variant_3805,variant,new,True,False,False,False,False
variant_3806,variant,returning,False,False,False,False,False
variant_3807,variant,new,False,False,False,False,False
variant_3808,variant,returning,True,True,True,True,False
variant_3809,variant,new,False,False,False,False,False
variant_3810,variant,returning,True,True,True,True,False
variant_3811,variant,new,True,False,False,False,False
variant_3812,variant,new,False,False,False,False,False
variant_3813,variant,new,False,False,False,False,False
variant_3814,variant,new,True,True,True,True,False
variant_3815,variant,new,True,True,True,False,False
variant_3816,variant,new,True,True,True,False,False
variant_3817,variant,new,True,False,False,False,False
variant_3818,variant,new,False,False,False,False,False
variant_3819,variant,new,True,True,True,True,False
variant_3820,variant,returning,True,True,True,False,False
variant_3821,variant,returning,True,False,False,False,False
variant_3822,variant,returning,True,True,True,False,False
variant_3823,variant,returning,True,True,True,False,False
variant_3824,variant,returning,True,True,False,False,False
variant_3825,variant,new,True,True,True,False,False
variant_3826,variant,new,True,False,False,False,False
variant_3827,variant,new,True,True,True,False,False
variant_3828,variant,new,False,False,False,False,False
variant_3829,variant,returning,True,True,True,True,False
variant_3830,variant,returning,True,False,False,False,False
variant_3831,variant,returning,False,False,False,False,False
variant_3832,variant,returning,True,True,True,False,False
variant_3833,variant,returning,True,False,False,False,False
variant_3834,variant,new,True,False,False,False,False
variant_3835,variant,new,True,True,False,False,False
variant_3836,variant,returning,True,True,True,True,False
variant_3837,variant,returning,False,False,False,False,False
variant_3838,variant,new,True,False,False,False,False
variant_3839,variant,new,True,True,True,True,False
variant_3840,variant,returning,False,False,False,False,False
variant_3841,variant,returning,True,True,True,False,False
variant_3842,variant,new,True,False,False,False,False
variant_3843,variant,returning,True,True,False,False,False
variant_3844,variant,new,True,True,True,True,False
variant_3845,variant,returning,True,False,False,False,False
variant_3846,variant,returning,True,True,False,False,False
variant_3847,variant,returning,False,False,False,False,False
variant_3848,variant,returning,False,False,False,False,False
variant_3849,variant,returning,False,False,False,False,False
variant_3850,variant,new,True,True,True,True,False
variant_3851,variant,returning,True,True,True,True,False
variant_3852,variant,new,True,False,False,False,False
variant_3853,variant,new,True,False,False,False,False
variant_3854,variant,returning,True,True,True,False,False
variant_3855,variant,new,True,True,True,False,False
variant_3856,variant,new,True,True,True,False,False
variant_3857,variant,new,True,True,True,False,False
variant_3858,variant,new,True,True,True,False,False
variant_3859,variant,new,False,False,False,False,False
variant_3860,variant,returning,True,True,True,True,False
variant_3861,variant,new,True,True,True,False,False
variant_3862,variant,returning,True,True,True,False,False
variant_3863,variant,new,True,False,False,False,False
variant_3864,variant,new,True,True,True,False,False
variant_3865,variant,new,True,True,False,False,False
variant_3866,variant,new,True,True,True,False,False
variant_3867,variant,returning,True,False,False,False,False
variant_3868,variant,returning,True,True,True,False,False
variant_3869,variant,new,True,True,True,False,False
variant_3870,variant,new,True,False,False,False,False
variant_3871,variant,returning,True,True,True,False,False
variant_3872,variant,new,True,True,True,True,False
variant_3873,variant,new,True,True,True,False,False
variant_3874,variant,new,True,True,True,False,False
variant_3875,variant,returning,True,True,True,False,False
variant_3876,variant,new,False,False,False,False,False
variant_3877,variant,returning,False,False,False,False,False
variant_3878,variant,new,False,False,False,False,False
variant_3879,variant,new,True,True,True,False,False
variant_3880,variant,returning,True,True,True,False,False
variant_3881,variant,new,True,True,True,False,False
variant_3882,variant,new,True,True,True,False,False
variant_3883,variant,new,True,False,False,False,False
variant_3884,variant,returning,False,False,False,False,False
variant_3885,variant,new,False,False,False,False,False
variant_3886,variant,new,True,True,True,True,False
variant_3887,variant,new,True,True,True,True,False
variant_3888,variant,new,False,False,False,False,False
variant_3889,variant,new,False,False,False,False,False
variant_3890,variant,new,True,False,False,False,False
variant_3891,variant,new,True,True,True,False,False
variant_3892,variant,new,True,True,True,False,False
variant_3893,variant,returning,True,True,False,False,False
variant_3894,variant,returning,True,False,False,False,False
variant_3895,variant,returning,True,True,True,False,False
variant_3896,variant,new,True,True,True,False,False
variant_3897,variant,new,True,False,False,False,False
variant_3898,variant,returning,False,False,False,False,False
variant_3899,variant,new,True,True,True,False,False
variant_3900,variant,returning,True,True,True,False,False
variant_3901,variant,new,True,True,True,False,False
variant_3902,variant,new,False,False,False,False,False
variant_3903,variant,returning,True,True,True,False,False
variant_3904,variant,new,True,True,True,True,False
variant_3905,variant,new,True,True,True,False,False
variant_3906,variant,returning,True,True,True,False,False
variant_3907,variant,new,False,False,False,False,False
variant_3908,variant,new,True,False,False,False,False
variant_3909,variant,new,True,True,True,False,False
variant_3910,variant,new,True,True,True,False,False
variant_3911,variant,new,True,False,False,False,False
variant_3912,variant,returning,True,True,True,True,False
variant_3913,variant,returning,True,True,False,False,False
variant_3914,variant,new,False,False,False,False,False
variant_3915,variant,returning,True,True,True,False,False
variant_3916,variant,returning,True,True,False,False,False
variant_3917,variant,new,False,False,False,False,False
variant_3918,variant,new,True,True,True,False,False
variant_3919,variant,new,False,False,False,False,False
variant_3920,variant,new,True,False,False,False,False
variant_3921,variant,returning,True,True,False,False,False
variant_3922,variant,returning,False,False,False,False,False
variant_3923,variant,returning,True,False,False,False,False
variant_3924,variant,new,True,True,True,False,False
variant_3925,variant,new,True,True,True,True,False
variant_3926,variant,new,True,True,True,True,False
variant_3927,variant,new,True,True,True,False,False
variant_3928,variant,new,True,True,True,False,False
variant_3929,variant,new,False,False,False,False,False
variant_3930,variant,returning,True,True,True,False,False
variant_3931,variant,new,True,True,True,False,False
variant_3932,variant,new,True,False,False,False,False
variant_3933,variant,new,True,True,True,True,False
variant_3934,variant,returning,True,True,True,False,False
variant_3935,variant,new,True,True,True,False,False
variant_3936,variant,new,True,True,True,False,False
variant_3937,variant,new,False,False,False,False,False
variant_3938,variant,new,False,False,False,False,False
variant_3939,variant,new,False,False,False,False,False
variant_3940,variant,returning,True,True,True,False,False
variant_3941,variant,new,True,True,True,False,False
variant_3942,variant,new,True,False,False,False,False
variant_3943,variant,new,True,True,True,False,False
variant_3944,variant,new,True,False,False,False,False
variant_3945,variant,returning,True,True,True,False,False
variant_3946,variant,returning,True,True,True,False,False
variant_3947,variant,new,True,True,True,False,False
variant_3948,variant,new,True,True,True,False,False
variant_3949,variant,new,False,False,False,False,False
variant_3950,variant,new,True,True,True,False,False
variant_3951,variant,new,True,True,False,False,False
variant_3952,variant,returning,True,False,False,False,False
variant_3953,variant,returning,True,True,True,True,False
variant_3954,variant,new,False,False,False,False,False
variant_3955,variant,returning,True,False,False,False,False
variant_3956,variant,new,True,True,True,True,False
variant_3957,variant,new,True,False,False,False,False
variant_3958,variant,new,True,True,True,False,False
variant_3959,variant,new,True,True,True,False,False
variant_3960,variant,new,False,False,False,False,False
variant_3961,variant,returning,True,True,True,False,False
variant_3962,variant,new,True,True,True,False,False
variant_3963,variant,new,True,True,True,False,False
variant_3964,variant,new,False,False,False,False,False
variant_3965,variant,new,True,True,True,False,False
variant_3966,variant,new,True,True,True,False,False
variant_3967,variant,new,True,True,True,True,False
variant_3968,variant,new,True,True,False,False,False
variant_3969,variant,new,True,False,False,False,False
variant_3970,variant,new,True,False,False,False,False
variant_3971,variant,returning,False,False,False,False,False
variant_3972,variant,returning,True,True,True,False,False
variant_3973,variant,new,True,True,True,True,False
variant_3974,variant,returning,True,True,True,False,False
variant_3975,variant,returning,True,True,True,False,False
variant_3976,variant,new,True,False,False,False,False
variant_3977,variant,returning,False,False,False,False,False
variant_3978,variant,new,True,True,True,False,False
variant_3979,variant,returning,True,True,True,False,False
variant_3980,variant,new,False,False,False,False,False
variant_3981,variant,new,True,True,True,False,False
variant_3982,variant,returning,True,False,False,False,False
variant_3983,variant,returning,True,True,True,False,False
variant_3984,variant,new,True,False,False,False,False
variant_3985,variant,returning,True,True,False,False,False
variant_3986,variant,returning,True,True,True,False,False
variant_3987,variant,returning,True,True,True,True,False
variant_3988,variant,returning,True,True,True,False,False
variant_3989,variant,returning,True,True,True,False,False
variant_3990,variant,new,False,False,False,False,False
variant_3991,variant,returning,True,True,True,False,False
variant_3992,variant,new,True,True,True,False,False
variant_3993,variant,returning,True,True,False,False,False
variant_3994,variant,returning,True,True,True,False,False
variant_3995,variant,returning,True,True,True,False,False
variant_3996,variant,new,False,False,False,False,False
variant_3997,variant,new,False,False,False,False,False
variant_3998,variant,new,True,False,False,False,False
variant_3999,variant,new,True,True,True,True,False
